MAIN_ID,RA,DEC,RA_PREC,DEC_PREC,COO_ERR_MAJA,COO_ERR_MINA,COO_ERR_ANGLE,COO_QUAL,COO_WAVELENGTH,COO_BIBCODE,OTYPE,Z_VALUE,FLUX_V,FLUX_g,FLUX_r,BIBLIO,OTYPE_2,RA_2_A_ICRS_J2000_2000_d,DEC_2_D_ICRS_J2000_2000_d,SCRIPT_NUMBER_ID,Z,url,coord_x,coord_y,x_mm,y_mm,nuv_mag,slit_width,slit_length,yline_mm,em_line,wave,NUV_ned,FUV_ned
7C 1821+6419,275.4883876131,64.34339480891,14,14,0.012900000438094139,0.014000000432133675,90,A,O,2020yCat.1350....0G,Seyfert1,0.297,14.239999771118164,13.996000289916992,13.824000358581543,2022A&A...661A...3S|2022A&A...664A..46A|2022AJ....163..146S|2022ApJ...930...90M|2022ApJ...940....7F|2022MNRAS.509.1147K|2022MNRAS.509.4585M|2022MNRAS.509.4940T|2022MNRAS.510.1264S|2022MNRAS.511.1714T|2022Natur.606..261W|2022PASP..134i4102G|2021A&A...645A..18D|2021A&A...645A..95H|2021A&A...655A..60A|2021ApJ...908...85M|2021ApJ...910...60S|2021ApJ...919...22M|2021ApJ...923...50F|2021MNRAS.501.5811K|2021MNRAS.504.4460G|2021MNRAS.505.5012K|2021MNRAS.507..484J|2021MNRAS.508...79J|2021MNRAS.508.3796O|2020A&A...633L...4H|2020A&A...635A...1K|2020A&A...639A...5M|2020A&A...641A.162P|2020A&A...642A..24W|2020A&A...643A..36B|2020ApJ...889..121D|2020ApJ...894..142Q|2020ApJ...897...92D|2020ApJ...900..125R|2020ApJ...905...57R|2020MNRAS.492.3156L|2020MNRAS.496..784B|2019A&A...623A..11P|2019A&A...623A..56S|2019ApJ...870...31I|2019ApJ...871...32K|2019ApJ...871...57Y|2019ApJ...872...83K|2019ApJ...873..101Z|2019ApJ...885...63M|2019MNRAS.483L..75G|2019MNRAS.487.4775B|2019MNRAS.489.3351B|2019PASJ...71....4U|2018ApJ...853..177P|2018ApJ...855...18P|2018ApJ...858...45M|2018ApJ...860...33F|2018ApJ...863..122S|2018ApJ...866...33L|2018ApJS..237...11K|2018ApJS..238...32K|2018MNRAS.475.2051K|2018MNRAS.476.4965M|2018MNRAS.480.1187B|2017A&A...597A..66G|2017A&A...598A..51R|2017A&A...603A..49R|2017A&A...607A..48R|2017AJ....154..114O|2017ApJ...834..171R|2017ApJ...835...74I|2017ApJ...836L...8C|2017ApJ...840...71K|2017ApJ...844...23P|2017ApJ...850...74K|2017ApJS..230....6K|2017ApJS..232...21K|2017ApJS..233...17R|2017MNRAS.464..398D|2017MNRAS.465.4872G|2017MNRAS.467.3172G|2017MNRAS.468.1245P|2017MNRAS.468.1683R|2017NewA...51...65P|2017RAA....17...52G|2016A&A...588A..70B|2016A&A...590A..68R|2016AJ....152...25M|2016ApJ...817..111D|2016ApJ...818..113N|2016ApJ...821...15F|2016ApJ...822...21H|2016ApJ...829....4L|2016ApJ...831...76F|2016ApJS..222...25S|2016ApJS..223...15B|2016ApJS..226...19F|2016ApJS..227...31S|2016MNRAS.456L.109K|2016MNRAS.457..676N|2016MNRAS.458.2012V|2016MNRAS.459.2940K|2015AJ....150..111O|2015ApJ...798....6F|2015ApJ...798L..30D|2015ApJ...799...21S|2015ApJ...811..111M|2015ApJ...814...40W|2015MNRAS.449.4010K|2015MNRAS.451.3061F|2015MNRAS.453.1223H|2015MNRAS.454.1157P|2015MNRAS.454.1202S|2014ApJ...783..106L|2014ApJ...790...15S|2014ApJ...791..128S|2014ApJ...792L..41R|2014ApJ...794...75S|2014ApJS..212....8S|2014MNRAS.438.2898E|2014MNRAS.439.1051L|2014MNRAS.442.2809W|2014MNRAS.444L..44B|2014MNRAS.445.2061L|2013A&A...549A.125R|2013A&A...550A..87H|2013ApJ...763..148S|2013ApJ...765L..31R|2013ApJ...766...26M|2013ApJ...767...72R|2013ApJ...768...11B|2013ApJ...778...33U|2013ApJ...778...62L|2013ApJS..207...19B|2013MNRAS.429.2069D|2013MNRAS.430L..49M|2013MNRAS.431.1638H|2013MNRAS.432..530R|2013MNRAS.435.1233G|2013MNRAS.435.1840R|2012A&A...548A..79A|2012AJ....143...28F|2012ARA&A..50..455F|2012ApJ...745...71P|2012ApJ...746..173T|2012ApJ...749...21A|2012ApJ...749..123H|2012ApJ...749..157W|2012ApJ...750...92X|2012ApJ...753...17C|2012ApJ...753..104M|2012ApJ...755..171S|2012ApJ...756...27L|2012ApJ...759..112T|2012ApJ...760...41D|2012ApJ...760...68C|2012ApJ...761..184W|2012ApJS..199....8G|2012ApJS..201...34B|2012MNRAS.422..590R|2012MNRAS.424.2971O|2012MNRAS.426.1750M|2012NewA...17..331Z|2012NewAR..56...74P|2011A&A...528A.124C|2011A&A...532A.102R|2011AJ....141..129H|2011ApJ...728...58B|2011ApJ...728..159W|2011ApJ...729...87C|2011ApJ...730...19S|2011ApJ...730...58F|2011ApJ...731...14S|2011ApJ...737...64A|2011ApJ...740...94D|2011ApJ...743...81G|2011ApJS..195....9C|2011MNRAS.413..313H|2011MNRAS.414..218L|2011MNRAS.414..500H|2011MNRAS.416.2600B|2011Sci...334..955L|2010A&A...510A..48C|2010A&A...515A..99R|2010A&A...518A..10V|2010A&A...523A..61K|2010A&A...524A..30Z|2010A&A...524A..64C|2010ApJ...708..868C|2010ApJ...709L.138L|2010ApJ...710..613D|2010ApJ...712.1443N|2010ApJ...713..232P|2010ApJ...714..320A|2010ApJ...716.1514Y|2010ApJ...717L.122R|2010ApJ...719.1526S|2010ApJ...721..960N|2010ApJ...722..102S|2010ApJ...724..386K|2010ApJ...724.1193O|2010ApJS..186..378T|2010ApJS..187..581S|2010MNRAS.402.1561R|2010MNRAS.402.2441D|2010MNRAS.402.2453D|2010MNRAS.405.1736W|2010MNRAS.406..720R|2010MNRAS.406.1060D|2009A&A...495..421B|2009A&A...505..385A|2009A&ARv..17...47T|2009AJ....137.3388W|2009AJ....138..845O|2009ApJ...695.1631R|2009ApJ...697.1784Y|2009ApJ...699..603A|2009ApJ...699..754S|2009ApJ...701..891L|2009ApJ...702..767W|2009ApJ...705..962C|2009ApJS..182..378W|2009ApJS..184..138H|2009MNRAS.393..309S|2009MNRAS.393.1433D|2009MNRAS.395.1875O|2009MNRAS.396.1875H|2009MNRAS.398..109W|2008A&A...478..321B|2008ApJ...679..194D|2008ApJ...683...22T|2008ApJ...685..344P|2008ApJ...687..767K|2008ApJS..174..282L|2008ApJS..177...39T|2008ApJS..178..280B|2008ApJS..179...37T|2008MNRAS.387..856Z|2008MNRAS.387.1237D|2008MNRAS.390..336C|2008MNRAS.390..421V|2008MNRAS.390..819G|2007A&A...461..917J|2007A&A...466..831S|2007A&A...466..865G|2007A&A...470..497K|2007A&A...471..775R|2007A&G....48a..25W|2007AJ....133.1331H|2007AJ....134.2006R|2007AN....328..953C|2007ARA&A..45..221B|2007Ap.....50...40D|2007ApJ...658..680L|2007ApJ...666..757S|2007ApJ...669...74L|2007ApJ...670..978B|2007ApJ...670..992F|2007MNRAS.374..237L|2007MNRAS.376.1227K|2007MNRAS.381.1093H|2007MNRAS.382..194N|2006A&A...445..827R|2006A&A...454..459K|2006A&A...455..773V|2006AN....327..191C|2006AN....327.1012C|2006AN....327.1020L|2006ApJ...636..891G|2006ApJ...636..908G|2006ApJ...637..183L|2006ApJ...640..716D|2006ApJ...641..190M|2006ApJ...641..217S|2006ApJ...644..174F|2006ApJ...644..725J|2006ApJ...647..161O|2006ApJ...652..189K|2006ApJ...653..954D|2006ApJS..163..110S|2006ApJS..163..282W|2006ApJS..165..229F|2006MNRAS.367..139A|2006MNRAS.368..668K|2006MNRAS.368L..62N|2006MNRAS.371L..65S|2006MNRAS.373..551L|2006PASJ...58..641Y|2006PASJ...58..657K|2006PhR...427....1P|2005A&A...438..481R|2005A&A...442..461D|2005Ap.....48..304D|2005ApJ...618..108B|2005ApJ...618..592S|2005ApJ...620...95T|2005ApJ...623..112Y|2005ApJ...623..196C|2005ApJ...623L..97T|2005ApJ...624..555D|2005ApJ...625...78H|2005ApJ...626...89B|2005ApJ...632...92N|2005ApJ...633...61F|2005ApJ...633L..81R|2005ChJAA...5...41Z|2005MNRAS.359..846S|2005MNRAS.363.1241H|2004A&A...413..817I|2004A&A...418..465L|2004A&A...418..927R|2004A&A...422...39S|2004A&A...423..469S|2004ApJ...602..738F|2004ApJ...607..309I|2004ApJ...615..767L|2004ApJ...617..192M|2004ApJ...617..232M|2004ApJS..150...73E|2004ApJS..151..299H|2004ApJS..153..165R|2004MNRAS.349.1419C|2004MNRAS.350..140S|2004MNRAS.355..196F|2004MNRAS.355..973S|2004NewAR..48.1151B|2003A&A...411L..59E|2003A&A...412..707R|2003AJ....125.3122T|2003ARA&A..41..291P|2003ApJ...582...82M|2003ApJ...586L..49F|2003ApJ...590...86L|2003ApJ...590..128K|2003ApJ...590..746D|2003ApJ...591..677R|2003ApJ...594...42C|2003ApJ...596...85Y|2003ApJS..145..199M|2003ApJS..146....1W|2003ApJS..146..125S|2003ApJS..146..165S|2003ApJS..149...29G|2003MNRAS.339.1163C|2003MNRAS.346.1103P|2003NewAR..47..397R|2003NewAR..47..561C|2003NewAR..47..593B|2003PASJ...55..879Y|2002A&A...393..793S|2002AJ....124...18Z|2002ApJ...564..631S|2002ApJ...565...86F|2002ApJ...565..720P|2002ApJ...571..654D|2002ApJ...571..665S|2002ApJ...572L.127F|2002ApJ...573..157N|2002ApJ...574..599M|2002ApJ...577..691H|2002ApJ...581L..71D|2002ApJS..140..143B|2002ApJS..140..331L|2002ApJS..143..257K|2002MNRAS.335..177S|2002MNRAS.335..555K|2002MNRAS.335..574V|2002MNRAS.335..773S|2002MNRAS.335.1017W|2002MNRAS.335.1163F|2001A&A...374..871R|2001ApJ...546..744N|2001ApJ...546..782M|2001ApJ...547..907S|2001ApJ...549..133G|2001ApJ...549..281R|2001ApJ...553..528D|2001ApJ...553L.115M|2001ApJ...560..101P|2001ApJ...561..573S|2001ApJ...561L..31F|2001ApJ...562L...5B|2001ApJ...563..724T|2001ApJS..133....1U|2001ApJS..136..463W|2001ApJS..136..537W|2001ChJAA...1..221X|2001MNRAS.327.1187M|2001NewAR..45..641W|2000A&A...353..861W|2000A&A...357..839C|2000ARA&A..38..521S|2000ApJ...531..654P|2000ApJ...534...41R|2000ApJ...534L...1T|2000ApJ...538L..13S|2000ApJ...538L..23O|2000ApJ...538L..27S|2000ApJ...538L..31S|2000ApJ...542...42T|2000ApJ...543..552S|2000ApJ...544..150P|2000ApJS..129..547B|2000ApJS..129..563S|2000ApJS..130..121P|2000MNRAS.316..234R|2000MNRAS.316..885R|2000MNRAS.317...55S|1999AJ....117..677B|1999AJ....117.2063K|1999Ap.....42....1M|1999ApJ...515..108S|1999ApJ...525L...9Y|1999MNRAS.306..161A|1999MNRAS.308.1087L|1999MNRAS.308.1096L|1999MNRAS.308.1159C|1998A&A...329...30R|1998A&A...330..108Y|1998A&A...331L..73F|1998A&A...332..814L|1998A&AS..129...87B|1998AJ....115..436S|1998AJ....115.1725B|1998AJ....116.2682C|1998ApJ...493....1W|1998ApJ...495..152L|1998ApJ...503..212T|1998ApJ...506....1W|1998ApJ...508..200T|1998ApJS..115..225L|1998MNRAS.297..239B|1998MNRAS.299..165B|1997A&A...319..413B|1997A&A...326..885B|1997AJ....113.1179H|1997AJ....113.2158S|1997ARA&A..35..217W|1997ApJ...475L...9Z|1997ApJ...480..216S|1997ApJ...486..763Y|1997ApJ...488L..91N|1997ApJS..113..311M|1997MNRAS.284..717K|1997MNRAS.286..765A|1997MNRAS.288..260G|1997MNRAS.288..920L|1997MNRAS.289..196S|1997MNRAS.292..105R|1997MNRAS.292..468R|1997PASP..109..584S|1997RMxAC...6..213M|1996A&A...306..691L|1996ARA&A..34..279S|1996ApJ...457...19B|1996ApJ...457..542S|1996ApJ...464..165N|1996ApJ...464..704H|1996ApJ...465..296H|1996ApJ...468L..91B|1996ApJ...469..564W|1996ApJ...473..110U|1996ApJS..104..287S|1996ApJS..106..341M|1996ApJS..107...69C|1996MNRAS.282..117G|1996VA.....40..197F|1995A&A...297L..55W|1995A&A...298..375F|1995A&A...302..364S|1995A&A...303..449R|1995A&AS..109..147B|1995A&AS..110..419V|1995ApJ...440..435L|1995ApJ...440..606Z|1995ApJ...440..610S|1995ApJ...444..632Z|1995ApJ...446..150P|1995ApJ...449..145S|1995ApJ...451..616S|1995ApJ...454...50X|1995ApJS...96..303W|1995ApJS...97....1L|1995MNRAS.274L...9B|1995MNRAS.275...77G|1995MNRAS.276....1N|1995MNRAS.276..614L|1995PASJ...47..131T|1994A&A...284..764B|1994A&A...285..119W|1994A&A...285..812B|1994A&A...291...74P|1994A&AS..104..473S|1994AcApS..14..197F|1994ApJ...420..143I|1994ApJ...436L..51F|1994ApJS...94..517M|1994BAAS...26..902S|1994IAUS..159...73I|1994IAUS..159..330O|1994IAUS..159..484K|1994PASP..106..646K|1993A&A...274..105W|1993ApJ...402..493C|1993ApJ...402..514K|1993ApJ...404...94K|1993ApJ...404..124S|1993ApJ...404..551O|1993ApJ...405..491B|1993ApJ...413..116S|1993ApJ...413L..15I|1993ApJ...415..517Z|1993ApJ...418..638Y|1993ApJS...87....1B|1993ApJS...87...45S|1993ApJS...87..451H|1993BAAS...25..792L|1993BAAS...25.1326M|1993BAAS...25.1474L|1993MNRAS.260...77P|1993MNRAS.262...63S|1993MNRAS.263..607H|1993MNRAS.263..707L|1993MNRAS.265..664G|1993PASP..105..447M|1992A&A...261...57B|1992A&A...265..429A|1992A&A...266..183U|1992AGAb....7..180L|1992AJ....103.1047S|1992AJ....103.1746N|1992AJ....104....1H|1992ARA&A..30..391B|1992ApJ...389..157W|1992ApJ...397...68B|1992ApJ...398..495B|1992ApJ...399L..19B|1992ApJS...80..257E|1992MNRAS.256..404L|1992MNRAS.258..828L|1992MNRAS.259..743L|1992PASP..104..711K|1991AJ....101..434H|1991AJ....101.2001H|1991ApJ...367..455K|1991ApJ...371L..51C|1991ApJ...373...57K|1991ApJ...376..480Z|1991ApJ...378...77G|1991ApJS...75..645K|1991BAAS...23.1344B|1991MNRAS.251..529C|1990AJ.....99.1907W|1990ApJS...74..675B|1990BAAS...22.1193K|1990IAUC.5040....1A|1989A&A...219...87C|1989A&A...223L...1G|1989ApJ...342..660H|1989ApJS...69....1H|1989MNRAS.238..917W|1988AcASn..29...38L|1988ComAp..12..287K|1988Natur.333..495T|1987AJ.....94.1271W|1986ApJ...308..815N|1986ApJS...61..353S|1986MNRAS.222..787M|1986Natur.320..421B|1986PPMtO...5..190L|1984ApJ...281..570P|1984ApJS...56..507W|1984BAAS...16..480S|1984BAAS...16..933S|1983BAAS...15..914P|1982Ap&SS..82....3A|1982PASJ...34..407N|1980AnTok..18...55N|1979ApJS...40..657M,Seyfert1,275.4883876131,64.34339480891,1,0.297,<a href='http://simbad.u-strasbg.fr/simbad/sim-coo?Coord=275.4883876d64.3433948d&CooFrame=FK5&CooEpoch=2000&CooEqui=2000&CooDefinedFrames=none&Radius=3&Radius.unit=arcsec'>             0.30</a>,2.4136066545388246e-07,3.791495226668218e-07,2.397056308085948e-07,3.7654965580542646e-07,0,0.075,0.24,-3.0458635178103504,1549.5,2009.7015,99.9,99.9
SDSS J182158.26+642023.3,275.492764,64.33982,9,9,,,0,C,O,2020ApJS..249....3A,Galaxy,0.2944,,21.849000930786133,20.079999923706055,2018MNRAS.480.1187B|1994PASP..106..646K,Galaxy,275.492764,64.33982,1,0.2944,<a href='http://simbad.u-strasbg.fr/simbad/sim-coo?Coord=275.4927640d64.3398200d&CooFrame=FK5&CooEpoch=2000&CooEqui=2000&CooDefinedFrames=none&Radius=3&Radius.unit=arcsec'>             0.29</a>,0.08064359521259024,-0.15211637299391068,0.08009057115940918,-0.15107321497340664,0,0.075,0.24,-3.4408980996454037,1549.5,2005.6728,99.9,99.9
SDSS J182155.10+642004.4,275.47967408,64.33454994,9,9,,,0,C,O,2020ApJS..249....3A,Galaxy,0.293,,21.267000198364258,19.45599937438965,2018MNRAS.480.1187B|1998ApJ...508..200T|1994PASP..106..646K,Galaxy,275.47967408,64.33454994,1,0.293,<a href='http://simbad.u-strasbg.fr/simbad/sim-coo?Coord=275.4796741d64.3345499d&CooFrame=FK5&CooEpoch=2000&CooEqui=2000&CooDefinedFrames=none&Radius=3&Radius.unit=arcsec'>             0.29</a>,-0.16059412307320953,-0.37636601753123133,-0.1594924789437001,-0.37378422060226707,0,0.075,0.24,-3.794972715442279,1549.5,2003.5034999999998,99.9,99.9
SDSS J182155.81+642002.4,275.482563,64.334015,9,9,,,0,C,O,2020ApJS..249....3A,Galaxy,0.30294,,21.39900016784668,19.791000366210938,2018MNRAS.480.1187B|1998ApJ...508..200T|1994PASP..106..646K,Galaxy,275.482563,64.334015,1,0.30294,<a href='http://simbad.u-strasbg.fr/simbad/sim-coo?Coord=275.4825630d64.3340150d&CooFrame=FK5&CooEpoch=2000&CooEqui=2000&CooDefinedFrames=none&Radius=3&Radius.unit=arcsec'>             0.30</a>,-0.10735210408162055,-0.39913551085597754,-0.10661568409614608,-0.396397498689179,0,0.075,0.24,-2.884904361336379,1549.5,2018.90553,99.9,99.9
SDSS J182205.23+641953.8,275.52178504,64.33161214,9,9,,,0,C,O,2020ApJS..249....3A,Galaxy,0.2965,,21.42099952697754,20.090999603271484,2018MNRAS.480.1187B|1994PASP..106..646K,Galaxy,275.52178504,64.33161214,1,0.2965,<a href='http://simbad.u-strasbg.fr/simbad/sim-coo?Coord=275.5217850d64.3316121d&CooFrame=FK5&CooEpoch=2000&CooEqui=2000&CooDefinedFrames=none&Radius=3&Radius.unit=arcsec'>             0.30</a>,0.6155956274654878,-0.5012280856525358,0.6113684026077694,-0.4977862096408746,0,0.075,0.24,-3.5905656790608695,1549.5,2008.92675,24.8067,20.6074
SDSS J182147.78+642007.9,275.44905904,64.33553031,9,9,,,0,C,O,2020ApJS..249....3A,Galaxy,0.292,,21.621000289916992,19.992000579833984,2018MNRAS.480.1187B|1998ApJ...508..200T|1994PASP..106..646K,Galaxy,275.44905904,64.33553031,1,0.292,<a href='http://simbad.u-strasbg.fr/simbad/sim-coo?Coord=275.4490590d64.3355303d&CooFrame=FK5&CooEpoch=2000&CooEqui=2000&CooDefinedFrames=none&Radius=3&Radius.unit=arcsec'>             0.29</a>,-0.7248173507549378,-0.33443493047293193,-0.7198400354642209,-0.3321383683232276,0,0.075,0.24,-3.8471580132832304,1549.5,2001.954,99.9,99.9
SDSS J182202.39+642143.7,275.509985,64.362142,9,9,,,0,C,O,2020ApJS..249....3A,Galaxy,0.2975,,20.988000869750977,19.850000381469727,2018MNRAS.480.1187B|1994PASP..106..646K,Galaxy,275.509985,64.362142,1,0.2975,<a href='http://simbad.u-strasbg.fr/simbad/sim-coo?Coord=275.5099850d64.3621420d&CooFrame=FK5&CooEpoch=2000&CooEqui=2000&CooDefinedFrames=none&Radius=3&Radius.unit=arcsec'>             0.30</a>,0.39765092076514885,0.7978207876625643,0.3949193044423766,0.7923402514122454,0,0.075,0.24,-2.206608067887772,1549.5,2010.4762499999997,99.9,99.9
SDSS J182206.72+641951.3,275.528016,64.330936,9,9,,,0,C,O,2020ApJS..249....3A,Galaxy,0.3018,,21.554000854492188,20.04199981689453,2018MNRAS.480.1187B|1998ApJ...508..200T|1994PASP..106..646K,Galaxy,275.528016,64.330936,1,0.3018,<a href='http://simbad.u-strasbg.fr/simbad/sim-coo?Coord=275.5280160d64.3309360d&CooFrame=FK5&CooEpoch=2000&CooEqui=2000&CooDefinedFrames=none&Radius=3&Radius.unit=arcsec'>             0.30</a>,0.7304652272310186,-0.529934028759085,0.7254471631633542,-0.5262935503231313,0,0.075,0.24,-3.1217679241071252,1549.5,2017.1391,99.9,99.9
SDSS J182150.10+641922.6,275.458772,64.322967,9,9,,,0,C,O,2020ApJS..249....3A,Galaxy,0.2933,,21.90399932861328,20.253999710083008,2018MNRAS.480.1187B,Galaxy,275.458772,64.322967,1,0.2933,<a href='http://simbad.u-strasbg.fr/simbad/sim-coo?Coord=275.4587720d64.3229670d&CooFrame=FK5&CooEpoch=2000&CooEqui=2000&CooDefinedFrames=none&Radius=3&Radius.unit=arcsec'>             0.29</a>,-0.5460585731159258,-0.8691409319790866,-0.5423053463411673,-0.8631670618165356,0,0.075,0.24,-4.256206211620543,1549.5,2003.9683499999999,99.9,99.9
SDSS J182210.63+642030.6,275.54430775,64.34184069,9,9,,,0,C,O,2020ApJS..249....3A,Galaxy,0.2917,,20.726999282836914,19.106000900268555,2018MNRAS.480.1187B|1998ApJ...508..200T,Galaxy,275.54430775,64.34184069,1,0.2917,<a href='http://simbad.u-strasbg.fr/simbad/sim-coo?Coord=275.5443077d64.3418407d&CooFrame=FK5&CooEpoch=2000&CooEqui=2000&CooDefinedFrames=none&Radius=3&Radius.unit=arcsec'>             0.29</a>,1.030360699082951,-0.06567910963301193,1.0232785235749122,-0.06522766483116078,0,0.075,0.24,-3.608396654827154,1549.5,2001.48915,24.4509,22.5294
SDSS J182210.97+642049.8,275.54573621,64.34716394,9,9,,,0,C,O,2020ApJS..249....3A,Galaxy,0.28786,,21.264999389648438,19.743999481201172,2018MNRAS.480.1187B,Galaxy,275.54573621,64.34716394,1,0.28786,<a href='http://simbad.u-strasbg.fr/simbad/sim-coo?Coord=275.5457362d64.3471639d&CooFrame=FK5&CooEpoch=2000&CooEqui=2000&CooDefinedFrames=none&Radius=3&Radius.unit=arcsec'>             0.29</a>,1.0564765108246208,0.16086554726380609,1.0492136133240342,0.159759654260808,0,0.075,0.24,-3.7437209521959898,1549.5,1995.53907,99.9,99.9
SDSS J182144.45+642117.1,275.43518488,64.35477181,9,9,,,0,C,O,2020ApJS..249....3A,Galaxy,0.297,,20.8700008392334,18.85700035095215,2018MNRAS.480.1187B|1998ApJ...508..200T|1994PASP..106..646K,Galaxy,275.43518488,64.35477181,1,0.297,<a href='http://simbad.u-strasbg.fr/simbad/sim-coo?Coord=275.4351849d64.3547718d&CooFrame=FK5&CooEpoch=2000&CooEqui=2000&CooDefinedFrames=none&Radius=3&Radius.unit=arcsec'>             0.30</a>,-0.9798299317490748,0.48453819492145334,-0.973093169694156,0.4812067815608931,0,0.075,0.24,-2.564657112799113,1549.5,2009.7015,99.9,99.9
SDSS J182143.37+642104.9,275.4306955,64.35136886,9,9,,,0,C,O,2020ApJS..249....3A,Galaxy,0.2965,,21.204999923706055,19.631999969482422,2018MNRAS.480.1187B|1994PASP..106..646K,Galaxy,275.4306955,64.35136886,1,0.2965,<a href='http://simbad.u-strasbg.fr/simbad/sim-coo?Coord=275.4306955d64.3513689d&CooFrame=FK5&CooEpoch=2000&CooEqui=2000&CooDefinedFrames=none&Radius=3&Radius.unit=arcsec'>             0.30</a>,-1.0626418785736682,0.3398039849024068,-1.0553349478327672,0.3374674270900075,0,0.075,0.24,-2.7553120423299875,1549.5,2008.92675,99.9,99.9
SDSS J182211.18+642120.3,275.54662963,64.35564436,9,9,,,0,C,O,2020ApJS..249....3A,Galaxy,0.3008,,21.21500015258789,19.649999618530273,2018MNRAS.480.1187B,Galaxy,275.54662963,64.35564436,1,0.3008,<a href='http://simbad.u-strasbg.fr/simbad/sim-coo?Coord=275.5466296d64.3556444d&CooFrame=FK5&CooEpoch=2000&CooEqui=2000&CooDefinedFrames=none&Radius=3&Radius.unit=arcsec'>             0.30</a>,1.072604436741524,0.5217493402665456,1.0652261181508627,0.5181602884921107,0,0.075,0.24,-2.1711452354118883,1549.5,2015.5896,99.9,99.9
SDSS J182212.33+642007.9,275.551394,64.335533,9,9,,,0,C,O,2020ApJS..249....3A,Galaxy,0.29361,,21.450000762939453,19.774999618530273,2018MNRAS.480.1187B,Galaxy,275.551394,64.335533,1,0.29361,<a href='http://simbad.u-strasbg.fr/simbad/sim-coo?Coord=275.5513940d64.3355330d&CooFrame=FK5&CooEpoch=2000&CooEqui=2000&CooDefinedFrames=none&Radius=3&Radius.unit=arcsec'>             0.29</a>,1.161194943538278,-0.33396920504272687,1.1532065693657347,-0.33167168300576483,0,0.075,0.24,-3.695623176272576,1549.5,2004.4486949999998,99.9,99.9
SDSS J182200.35+641848.1,275.50147258,64.31337453,9,9,,,0,C,O,2020ApJS..249....3A,Galaxy,0.28787,,20.59000015258789,19.135000228881836,2018MNRAS.480.1187B|1998ApJ...508..200T,Galaxy,275.50147258,64.31337453,1,0.28787,<a href='http://simbad.u-strasbg.fr/simbad/sim-coo?Coord=275.5014726d64.3133745d&CooFrame=FK5&CooEpoch=2000&CooEqui=2000&CooDefinedFrames=none&Radius=3&Radius.unit=arcsec'>             0.29</a>,0.24134760774702335,-1.277433579198533,0.2396864328422574,-1.2686411133270905,0,0.075,0.24,-5.1711834082826815,1549.5,1995.5545650000001,99.9,99.9
SDSS J182203.94+642220.0,275.51640729,64.37224569,9,9,,,0,C,O,2020ApJS..249....3A,Galaxy,0.28579,,21.347000122070312,20.023000717163086,2018MNRAS.480.1187B|1994PASP..106..646K,Galaxy,275.51640729,64.37224569,1,0.28579,<a href='http://simbad.u-strasbg.fr/simbad/sim-coo?Coord=275.5164073d64.3722457d&CooFrame=FK5&CooEpoch=2000&CooEqui=2000&CooDefinedFrames=none&Radius=3&Radius.unit=arcsec'>             0.29</a>,0.515708471427542,1.227811245230943,0.5121582460127085,1.21935878239788,0,0.075,0.24,-2.8783523048073154,1549.5,1992.331605,99.9,99.9
SDSS J182157.09+642229.4,275.487909,64.374848,9,9,,,0,C,O,2020ApJS..249....3A,Galaxy,0.3048,,21.95199966430664,20.768999099731445,2018MNRAS.480.1187B,Galaxy,275.487909,64.374848,1,0.3048,<a href='http://simbad.u-strasbg.fr/simbad/sim-coo?Coord=275.4879090d64.3748480d&CooFrame=FK5&CooEpoch=2000&CooEqui=2000&CooDefinedFrames=none&Radius=3&Radius.unit=arcsec'>             0.30</a>,-0.00880790315478941,1.338434210172346,-0.008747265651177831,1.3292198366912917,0,0.075,0.24,-0.9847610867327152,1549.5,2021.7875999999999,99.9,99.9
SDSS J182140.71+641942.1,275.41963871,64.32838411,9,9,,,0,C,O,2020ApJS..249....3A,Galaxy,0.2981,,21.246000289916992,19.656999588012695,2018MNRAS.480.1187B,Galaxy,275.41963871,64.32838411,1,0.2981,<a href='http://simbad.u-strasbg.fr/simbad/sim-coo?Coord=275.4196387d64.3283841d&CooFrame=FK5&CooEpoch=2000&CooEqui=2000&CooDefinedFrames=none&Radius=3&Radius.unit=arcsec'>             0.30</a>,-1.2673568561330186,-0.6380674857650563,-1.2586275754991287,-0.6336726145654807,0,0.075,0.24,-3.5763222437934763,1549.5,2011.40595,99.9,99.9
SDSS J182200.35+642241.6,275.50148,64.378223,9,9,,,0,C,O,2020ApJS..249....3A,Galaxy,0.3058,,21.860000610351562,20.8439998626709,2018MNRAS.480.1187B,Galaxy,275.50148,64.378223,1,0.3058,<a href='http://simbad.u-strasbg.fr/simbad/sim-coo?Coord=275.5014800d64.3782230d&CooFrame=FK5&CooEpoch=2000&CooEqui=2000&CooDefinedFrames=none&Radius=3&Radius.unit=arcsec'>             0.31</a>,0.24091607403497495,1.4820760650848257,0.2392558211253517,1.4718624622391194,0,0.075,0.24,-0.7482873110648691,1549.5,2023.3371000000002,99.9,99.9
SDSS J182158.52+641823.2,275.49388167,64.30646503,9,9,,,0,C,O,2020ApJS..249....3A,Galaxy,0.29116,,21.256000518798828,19.708999633789062,2018MNRAS.480.1187B|1998ApJ...508..200T,Galaxy,275.49388167,64.30646503,1,0.29116,<a href='http://simbad.u-strasbg.fr/simbad/sim-coo?Coord=275.4938817d64.3064650d&CooFrame=FK5&CooEpoch=2000&CooEqui=2000&CooDefinedFrames=none&Radius=3&Radius.unit=arcsec'>             0.29</a>,0.10136149961359642,-1.571475412832771,0.10066263190735002,-1.560640397354747,0,0.075,0.24,-5.15447820841554,1549.5,2000.6524200000001,99.9,99.9
SDSS J182139.36+642204.3,275.41403387,64.36788969,9,9,,,0,C,O,2020ApJS..249....3A,Galaxy,0.2888,,20.541000366210938,18.924999237060547,2018MNRAS.480.1187B|1998ApJ...508..200T,Galaxy,275.41403387,64.36788969,1,0.2888,<a href='http://simbad.u-strasbg.fr/simbad/sim-coo?Coord=275.4140339d64.3678897d&CooFrame=FK5&CooEpoch=2000&CooEqui=2000&CooDefinedFrames=none&Radius=3&Radius.unit=arcsec'>             0.29</a>,-1.3687132127257775,1.0431365119829743,-1.3592662915185727,1.0359367360580847,0,0.075,0.24,-2.779342589285917,1549.5,1996.9956,99.9,99.9
SDSS J182134.48+642030.2,275.393683,64.341729,9,9,,,0,C,O,2020ApJS..249....3A,Galaxy,0.29044,,21.339000701904297,19.93899917602539,2018MNRAS.480.1187B|1998ApJ...508..200T,Galaxy,275.393683,64.341729,1,0.29044,<a href='http://simbad.u-strasbg.fr/simbad/sim-coo?Coord=275.3936830d64.3417290d&CooFrame=FK5&CooEpoch=2000&CooEqui=2000&CooDefinedFrames=none&Radius=3&Radius.unit=arcsec'>             0.29</a>,-1.7449931945458008,-0.06958515750399685,-1.7329468556665761,-0.06910478520748739,0,0.075,0.24,-3.730501024354679,1549.5,1999.5367800000001,99.9,99.9
SDSS J182136.37+641931.3,275.401558,64.325386,9,9,,,0,C,O,2020ApJS..249....3A,Galaxy,0.296,,21.243999481201172,20.52899932861328,2018MNRAS.480.1187B,Galaxy,275.401558,64.325386,1,0.296,<a href='http://simbad.u-strasbg.fr/simbad/sim-coo?Coord=275.4015580d64.3253860d&CooFrame=FK5&CooEpoch=2000&CooEqui=2000&CooDefinedFrames=none&Radius=3&Radius.unit=arcsec'>             0.30</a>,-1.6008413152385135,-0.7652386937953147,-1.5897877431200154,-0.7599548339840932,0,0.075,0.24,-3.8996498784640905,1549.5,2008.152,23.3262,21.8374
SDSS J182203.53+642300.8,275.51473233,64.38353822,9,9,,,0,C,O,2020ApJS..249....3A,Galaxy,0.29766,,20.535999298095703,18.67099952697754,2018MNRAS.480.1187B|1998ApJ...508..200T,Galaxy,275.51473233,64.38353822,1,0.29766,<a href='http://simbad.u-strasbg.fr/simbad/sim-coo?Coord=275.5147323d64.3835382d&CooFrame=FK5&CooEpoch=2000&CooEqui=2000&CooDefinedFrames=none&Radius=3&Radius.unit=arcsec'>             0.30</a>,0.48468130455457026,1.7083313941064477,0.4813346153369974,1.696535489863862,0,0.075,0.24,-1.2873998454169404,1549.5,2010.72417,23.3907,22.3064
SDSS J182147.70+642255.0,275.448785,64.381966,9,9,,,0,C,O,2020ApJS..249....3A,Galaxy,0.293,,21.66200065612793,20.097999572753906,2018MNRAS.480.1187B,Galaxy,275.448785,64.381966,1,0.293,<a href='http://simbad.u-strasbg.fr/simbad/sim-coo?Coord=275.4487850d64.3819660d&CooFrame=FK5&CooEpoch=2000&CooEqui=2000&CooDefinedFrames=none&Radius=3&Radius.unit=arcsec'>             0.29</a>,-0.7286367180602975,1.6415549685551234,-0.723604743092276,1.630218367879288,0,0.075,0.24,-1.7909701269607239,1549.5,2003.5034999999998,99.9,99.9
SDSS J182158.86+642308.4,275.49525746,64.38567486,9,9,,,0,C,O,2020ApJS..249....3A,Galaxy,0.30449,,21.229000091552734,19.461000442504883,2018MNRAS.480.1187B,Galaxy,275.49525746,64.38567486,1,0.30449,<a href='http://simbad.u-strasbg.fr/simbad/sim-coo?Coord=275.4952575d64.3856749d&CooFrame=FK5&CooEpoch=2000&CooEqui=2000&CooDefinedFrames=none&Radius=3&Radius.unit=arcsec'>             0.30</a>,0.12637950255285868,1.7991586478970558,0.12550667213294087,1.7867328955683826,0,0.075,0.24,-0.5563356843928211,1549.5,2021.307255,99.9,99.9
PSO J275.4045+64.3655,275.40450525,64.36555196,12,12,24.200000762939453,35.79999923706055,90,C,O,2017yCat.2349....0C,Galaxy,0.2865,,21.97249984741211,20.73430061340332,2018MNRAS.480.1187B,Galaxy,275.40450525,64.36555196,1,0.2865,<a href='http://simbad.u-strasbg.fr/simbad/sim-coo?Coord=275.4045052d64.3655520d&CooFrame=FK5&CooEpoch=2000&CooEqui=2000&CooDefinedFrames=none&Radius=3&Radius.unit=arcsec'>             0.29</a>,-1.5442485263041252,0.943877064301831,-1.5335827656845644,0.9373579278735574,0,0.075,0.24,-3.0937330427464445,1549.5,1993.43175,99.9,99.9
SDSS J182133.16+642018.6,275.3882,64.338504,9,9,,,0,C,O,2020ApJS..249....3A,Galaxy,0.29852,,21.999000549316406,20.790000915527344,2018MNRAS.480.1187B,Galaxy,275.3882,64.338504,1,0.29852,<a href='http://simbad.u-strasbg.fr/simbad/sim-coo?Coord=275.3882000d64.3385040d&CooFrame=FK5&CooEpoch=2000&CooEqui=2000&CooDefinedFrames=none&Radius=3&Radius.unit=arcsec'>             0.30</a>,-1.8462372622213152,-0.20666418887263793,-1.8334808653927037,-0.20523626275638643,0,0.075,0.24,-3.108476808934001,1549.5,2012.0567399999998,99.9,99.9
SDSS J182148.32+641800.0,275.45133738,64.29999931,9,9,,,0,C,O,2020ApJS..249....3A,Galaxy,0.30017,,20.36400032043457,19.027000427246094,2018MNRAS.480.1187B,Galaxy,275.45133738,64.29999931,1,0.30017,<a href='http://simbad.u-strasbg.fr/simbad/sim-coo?Coord=275.4513374d64.2999993d&CooFrame=FK5&CooEpoch=2000&CooEqui=2000&CooDefinedFrames=none&Radius=3&Radius.unit=arcsec'>             0.30</a>,-0.6837093195939268,-1.8464177569278797,-0.6789809303366068,-1.8336483216778705,0,0.075,0.24,-4.582067470157469,1549.5,2014.613415,99.9,99.9
SDSS J182221.93+642126.3,275.591401,64.357332,9,9,,,0,C,O,2020ApJS..249....3A,Galaxy,0.29749,,21.76099967956543,20.211000442504883,2018MNRAS.480.1187B,Galaxy,275.591401,64.357332,1,0.29749,<a href='http://simbad.u-strasbg.fr/simbad/sim-coo?Coord=275.5914010d64.3573320d&CooFrame=FK5&CooEpoch=2000&CooEqui=2000&CooDefinedFrames=none&Radius=3&Radius.unit=arcsec'>             0.30</a>,1.8970120642559616,0.5946097352383517,1.883890580147472,0.5904968661961912,0,0.075,0.24,-2.409389764605005,1549.5,2010.460755,99.9,99.9
SDSS J182137.72+642234.9,275.40721117,64.37640147,9,9,,,0,C,O,2020ApJS..249....3A,Galaxy,0.286,,21.53700065612793,20.027999877929688,2018MNRAS.480.1187B,Galaxy,275.40721117,64.37640147,1,0.286,<a href='http://simbad.u-strasbg.fr/simbad/sim-coo?Coord=275.4072112d64.3764015d&CooFrame=FK5&CooEpoch=2000&CooEqui=2000&CooDefinedFrames=none&Radius=3&Radius.unit=arcsec'>             0.29</a>,-1.4938437610610977,1.4054934677865725,-1.4835052502580361,1.3957664067785172,0,0.075,0.24,-2.682240138901473,1549.5,1992.6570000000002,99.9,99.9
SDSS J182159.35+642329.2,275.497274,64.39145533,9,9,,,0,C,O,2020ApJS..249....3A,Galaxy,0.2968,,21.715999603271484,20.298999786376953,2018MNRAS.480.1187B,Galaxy,275.497274,64.39145533,1,0.2968,<a href='http://simbad.u-strasbg.fr/simbad/sim-coo?Coord=275.4972740d64.3914553d&CooFrame=FK5&CooEpoch=2000&CooEqui=2000&CooDefinedFrames=none&Radius=3&Radius.unit=arcsec'>             0.30</a>,0.163441840656966,2.0451408454392612,0.16231069573686208,2.0309868768537576,0,0.075,0.24,-1.033643247530247,1549.5,2009.3916,99.9,99.9
SDSS J182130.34+642041.7,275.37643246,64.34493942,9,9,,,0,C,O,2020ApJS..249....3A,Galaxy,0.2909,,21.658000946044922,19.584999084472656,2018MNRAS.480.1187B|1998ApJ...508..200T,Galaxy,275.37643246,64.34493942,1,0.2909,<a href='http://simbad.u-strasbg.fr/simbad/sim-coo?Coord=275.3764325d64.3449394d&CooFrame=FK5&CooEpoch=2000&CooEqui=2000&CooDefinedFrames=none&Radius=3&Radius.unit=arcsec'>             0.29</a>,-2.062604708790283,0.06754500160725874,-2.0483283423142766,0.06707748730727771,0,0.075,0.24,-3.551156422784722,1549.5,2000.24955,99.9,99.9
SDSS J182136.76+641838.4,275.40317538,64.31068867,9,9,,,0,C,O,2020ApJS..249....3A,Galaxy,0.29851,,20.82699966430664,19.16200065612793,2018MNRAS.480.1187B,Galaxy,275.40317538,64.31068867,1,0.29851,<a href='http://simbad.u-strasbg.fr/simbad/sim-coo?Coord=275.4031754d64.3106887d&CooFrame=FK5&CooEpoch=2000&CooEqui=2000&CooDefinedFrames=none&Radius=3&Radius.unit=arcsec'>             0.30</a>,-1.5718607969914302,-1.3906970341046416,-1.5609776861643547,-1.3810682489233999,0,0.075,0.24,-4.285247106602193,1549.5,2012.0412450000001,99.9,99.9
SDSS J182155.20+642341.2,275.480002,64.394781,9,9,,,0,C,O,2020ApJS..249....3A,Galaxy,0.2962,,21.170000076293945,20.47800064086914,2018MNRAS.480.1187B,Galaxy,275.480002,64.394781,1,0.2962,<a href='http://simbad.u-strasbg.fr/simbad/sim-coo?Coord=275.4800020d64.3947810d&CooFrame=FK5&CooEpoch=2000&CooEqui=2000&CooDefinedFrames=none&Radius=3&Radius.unit=arcsec'>             0.30</a>,-0.15421227838274598,2.186657571505328,-0.15314363088487,2.1715046526391593,0,0.075,0.24,-0.94942416181684,1549.5,2008.4619,22.9554,21.0856
SDSS J182209.19+641734.7,275.53829613,64.29298997,9,9,,,0,C,O,2020ApJS..249....3A,Galaxy,0.28881,,21.66900062561035,20.173999786376953,2018MNRAS.480.1187B,Galaxy,275.53829613,64.29298997,1,0.28881,<a href='http://simbad.u-strasbg.fr/simbad/sim-coo?Coord=275.5382961d64.2929900d&CooFrame=FK5&CooEpoch=2000&CooEqui=2000&CooDefinedFrames=none&Radius=3&Radius.unit=arcsec'>             0.29</a>,0.9212253881760648,-2.1445254227543145,0.9148326854090922,-2.129643816385402,0,0.075,0.24,-5.943984830228198,1549.5,1997.011095,99.9,99.9
SDSS J182228.21+642043.1,275.61774446,64.34527869,9,9,,,0,C,O,2020ApJS..249....3A,Galaxy,0.2953,,21.49799919128418,20.054000854492188,2018MNRAS.480.1187B|1998ApJ...508..200T,Galaxy,275.61774446,64.34527869,1,0.2953,<a href='http://simbad.u-strasbg.fr/simbad/sim-coo?Coord=275.6177445d64.3452787d&CooFrame=FK5&CooEpoch=2000&CooEqui=2000&CooDefinedFrames=none&Radius=3&Radius.unit=arcsec'>             0.30</a>,2.3831755676273905,0.08259057794552871,2.3666293600653163,0.08201715781487552,0,0.075,0.24,-3.123359691749109,1549.5,2007.0673500000003,99.9,99.9
SDSS J182132.55+641832.0,275.385645,64.308891,9,9,,,0,C,O,2020ApJS..249....3A,Galaxy,0.2968,,21.47599983215332,20.121000289916992,2018MNRAS.480.1187B,Galaxy,275.385645,64.308891,1,0.2968,<a href='http://simbad.u-strasbg.fr/simbad/sim-coo?Coord=275.3856450d64.3088910d&CooFrame=FK5&CooEpoch=2000&CooEqui=2000&CooDefinedFrames=none&Radius=3&Radius.unit=arcsec'>             0.30</a>,-1.8953571414367576,-1.4667156040720173,-1.8821961932946134,-1.4565310496244936,0,0.075,0.24,-4.5211611740084985,1549.5,2009.3916,99.9,99.9
SDSS J182150.58+641711.3,275.460755,64.286488,9,9,,,0,C,O,2020ApJS..249....3A,Galaxy,0.29787,,21.579999923706055,20.13800048828125,2018MNRAS.480.1187B,Galaxy,275.460755,64.286488,1,0.29787,<a href='http://simbad.u-strasbg.fr/simbad/sim-coo?Coord=275.4607550d64.2864880d&CooFrame=FK5&CooEpoch=2000&CooEqui=2000&CooDefinedFrames=none&Radius=3&Radius.unit=arcsec'>             0.30</a>,-0.5101704393761066,-2.421455913527457,-0.5066250214442369,-2.40462806041321,0,0.075,0.24,-5.368858854168808,1549.5,2011.049565,99.9,99.9
SDSS J182137.07+642328.4,275.40447521,64.39120922,9,9,,,0,C,O,2020ApJS..249....3A,Galaxy,0.29606,,20.809999465942383,19.43199920654297,2018MNRAS.480.1187B|1998ApJ...508..200T,Galaxy,275.40447521,64.39120922,1,0.29606,<a href='http://simbad.u-strasbg.fr/simbad/sim-coo?Coord=275.4044752d64.3912092d&CooFrame=FK5&CooEpoch=2000&CooEqui=2000&CooDefinedFrames=none&Radius=3&Radius.unit=arcsec'>             0.30</a>,-1.5433602144361211,2.0356757851399268,-1.5326253690466536,2.0215166377081366,0,0.075,0.24,-1.1125485377646656,1549.5,2008.24497,24.1274,22.5713
SDSS J182230.35+642001.8,275.62642075,64.33385342,9,9,,,0,C,O,2020ApJS..249....3A,Galaxy,0.30191,,21.579999923706055,20.121999740600586,2018MNRAS.480.1187B,Galaxy,275.62642075,64.33385342,1,0.30191,<a href='http://simbad.u-strasbg.fr/simbad/sim-coo?Coord=275.6264208d64.3338534d&CooFrame=FK5&CooEpoch=2000&CooEqui=2000&CooDefinedFrames=none&Radius=3&Radius.unit=arcsec'>             0.30</a>,2.5440768115364927,-0.4032540286479651,2.5263773262621556,-0.4004485360191632,0,0.075,0.24,-2.985601483289973,1549.5,2017.3095449999998,99.9,99.9
SDSS J182143.71+642403.9,275.432136,64.401102,9,9,,,0,C,O,2020ApJS..249....3A,Galaxy,0.29384,,21.86199951171875,20.302000045776367,2018MNRAS.480.1187B,Galaxy,275.432136,64.401102,1,0.29384,<a href='http://simbad.u-strasbg.fr/simbad/sim-coo?Coord=275.4321360d64.4011020d&CooFrame=FK5&CooEpoch=2000&CooEqui=2000&CooDefinedFrames=none&Radius=3&Radius.unit=arcsec'>             0.29</a>,-1.0342361535895876,2.4560842216381653,-1.0270335996828468,2.4389797344816815,0,0.075,0.24,-0.9033905942575271,1549.5,2004.8050799999999,99.9,99.9
SDSS J182144.86+642411.1,275.43691242,64.40309436,9,9,,,0,C,O,2020ApJS..249....3A,Galaxy,0.29359,,20.211000442504883,18.670000076293945,2018MNRAS.480.1187B|1998ApJ...508..200T,Galaxy,275.43691242,64.40309436,1,0.29359,<a href='http://simbad.u-strasbg.fr/simbad/sim-coo?Coord=275.4369124d64.4030944d&CooFrame=FK5&CooEpoch=2000&CooEqui=2000&CooDefinedFrames=none&Radius=3&Radius.unit=arcsec'>             0.29</a>,-0.9463487370274954,2.540791111738744,-0.9397547114245038,2.5230872347353426,0,0.075,0.24,-0.8427408815338531,1549.5,2004.417705,99.9,99.9
SDSS J182148.75+642420.3,275.45310258,64.40564522,9,9,,,0,C,O,2020ApJS..249....3A,Galaxy,0.28858,,21.15999984741211,19.652000427246094,2018MNRAS.480.1187B|1998ApJ...508..200T,Galaxy,275.45310258,64.40564522,1,0.28858,<a href='http://simbad.u-strasbg.fr/simbad/sim-coo?Coord=275.4531026d64.4056452d&CooFrame=FK5&CooEpoch=2000&CooEqui=2000&CooDefinedFrames=none&Radius=3&Radius.unit=arcsec'>             0.29</a>,-0.6486394689872486,2.649135215568869,-0.644118990630464,2.630672943415014,0,0.075,0.24,-1.2052492349553847,1549.5,1996.65471,99.9,99.9
SDSS J182219.92+642334.6,275.58302725,64.39296136,9,9,,,0,C,O,2020ApJS..249....3A,Galaxy,0.29305,,21.107999801635742,19.3700008392334,2018MNRAS.480.1187B|1998ApJ...508..200T,Galaxy,275.58302725,64.39296136,1,0.29305,<a href='http://simbad.u-strasbg.fr/simbad/sim-coo?Coord=275.5830272d64.3929614d&CooFrame=FK5&CooEpoch=2000&CooEqui=2000&CooDefinedFrames=none&Radius=3&Radius.unit=arcsec'>             0.29</a>,1.740550459421055,2.110512151847825,1.7284190924633671,2.0958022092293027,0,0.075,0.24,-1.3206947281046926,1549.5,2003.580975,99.9,99.9
SDSS J182231.94+641938.9,275.63308713,64.32748903,9,9,,,0,C,O,2020ApJS..249....3A,Galaxy,0.301,,21.2810001373291,19.83799934387207,2018MNRAS.480.1187B|1998ApJ...508..200T,Galaxy,275.63308713,64.32748903,1,0.301,<a href='http://simbad.u-strasbg.fr/simbad/sim-coo?Coord=275.6330871d64.3274890d&CooFrame=FK5&CooEpoch=2000&CooEqui=2000&CooDefinedFrames=none&Radius=3&Radius.unit=arcsec'>             0.30</a>,2.667560690701067,-0.6738053679893192,2.6489647670411527,-0.6691081803195321,0,0.075,0.24,-3.339647474199533,1549.5,2015.8995,99.9,99.9
SDSS J182122.38+642151.0,275.34330071,64.36420228,9,9,,,0,C,O,2020ApJS..249....3A,Galaxy,0.28974,,21.611000061035156,19.920000076293945,2018MNRAS.480.1187B,Galaxy,275.34330071,64.36420228,1,0.28974,<a href='http://simbad.u-strasbg.fr/simbad/sim-coo?Coord=275.3433007d64.3642023d&CooFrame=FK5&CooEpoch=2000&CooEqui=2000&CooDefinedFrames=none&Radius=3&Radius.unit=arcsec'>             0.29</a>,-2.671135737869871,0.8884737908469909,-2.652500719080919,0.8822754065600402,0,0.075,0.24,-2.8448026376711524,1549.5,1998.4521300000001,99.9,99.9
SDSS J182227.37+641819.6,275.614043,64.305459,9,9,,,0,C,O,2020ApJS..249....3A,Galaxy,0.29639,,21.3700008392334,20.03499984741211,2018MNRAS.480.1187B|1998ApJ...508..200T,Galaxy,275.614043,64.305459,1,0.29639,<a href='http://simbad.u-strasbg.fr/simbad/sim-coo?Coord=275.6140430d64.3054590d&CooFrame=FK5&CooEpoch=2000&CooEqui=2000&CooDefinedFrames=none&Radius=3&Radius.unit=arcsec'>             0.30</a>,2.3183323633512707,-1.6119988020885676,2.3021569609554997,-1.600751610056278,0,0.075,0.24,-4.703852505989485,1549.5,2008.7563049999999,24.7334,22.7551
SDSS J182234.61+642055.8,275.64423,64.348851,9,9,,,0,C,O,2020ApJS..249....3A,Galaxy,0.301,,21.503000259399414,20.163999557495117,2018MNRAS.480.1187B|1998ApJ...508..200T,Galaxy,275.64423,64.348851,1,0.301,<a href='http://simbad.u-strasbg.fr/simbad/sim-coo?Coord=275.6442300d64.3488510d&CooFrame=FK5&CooEpoch=2000&CooEqui=2000&CooDefinedFrames=none&Radius=3&Radius.unit=arcsec'>             0.30</a>,2.8707524741259887,0.23569812664728818,2.850708839248116,0.23405247895230358,0,0.075,0.24,-2.436486814927697,1549.5,2015.8995,99.9,99.9
SDSS J182121.99+642215.9,275.34167642,64.37110194,9,9,,,0,C,O,2020ApJS..249....3A,Galaxy,0.2942,,21.81399917602539,20.215999603271484,2018MNRAS.480.1187B,Galaxy,275.34167642,64.37110194,1,0.2942,<a href='http://simbad.u-strasbg.fr/simbad/sim-coo?Coord=275.3416764d64.3711019d&CooFrame=FK5&CooEpoch=2000&CooEqui=2000&CooDefinedFrames=none&Radius=3&Radius.unit=arcsec'>             0.29</a>,-2.700362178476016,1.1821444476995415,-2.681492343688414,1.1738837519302947,0,0.075,0.24,-2.1347073627657007,1549.5,2005.3629,99.9,99.9
SDSS J182203.63+642445.2,275.515146,64.412581,9,9,,,0,C,O,2020ApJS..249....3A,Galaxy,0.29296,,21.308000564575195,19.733999252319336,2018MNRAS.480.1187B,Galaxy,275.515146,64.412581,1,0.29296,<a href='http://simbad.u-strasbg.fr/simbad/sim-coo?Coord=275.5151460d64.4125810d&CooFrame=FK5&CooEpoch=2000&CooEqui=2000&CooDefinedFrames=none&Radius=3&Radius.unit=arcsec'>             0.29</a>,0.4917715936358562,2.944198620087281,0.48833352343869996,2.923615158860104,0,0.075,0.24,-0.5013265819847046,1549.5,2003.4415199999999,99.9,99.9
SDSS J182233.20+641850.3,275.6383435,64.31396464,9,9,,,0,C,O,2020ApJS..249....3A,Galaxy,0.29481,,21.264999389648438,19.781999588012695,2018MNRAS.480.1187B|1998ApJ...508..200T,Galaxy,275.6383435,64.31396464,1,0.29481,<a href='http://simbad.u-strasbg.fr/simbad/sim-coo?Coord=275.6383435d64.3139646d&CooFrame=FK5&CooEpoch=2000&CooEqui=2000&CooDefinedFrames=none&Radius=3&Radius.unit=arcsec'>             0.29</a>,2.7658204017693504,-1.2490856138546274,2.746471609134231,-1.2403474114353659,0,0.075,0.24,-4.49170152455816,1549.5,2006.308095,99.9,99.9
SDSS J182139.99+642427.6,275.416645,64.40769,9,9,,,0,C,O,2020ApJS..249....3A,Galaxy,0.30153,,21.482999801635742,19.981000900268555,2018MNRAS.480.1187B,Galaxy,275.416645,64.40769,1,0.30153,<a href='http://simbad.u-strasbg.fr/simbad/sim-coo?Coord=275.4166450d64.4076900d&CooFrame=FK5&CooEpoch=2000&CooEqui=2000&CooDefinedFrames=none&Radius=3&Radius.unit=arcsec'>             0.30</a>,-1.31873561628531,2.7367117287327125,-1.3095097962727458,2.717565806287179,0,0.075,0.24,0.09675702197078495,1549.5,2016.720735,99.9,99.9
SDSS J182117.89+642118.8,275.324567,64.355236,7,7,39.0,34.0,90,C,O,2015ApJS..219...12A,Galaxy,0.29826,,19.648000717163086,18.922000885009766,2018ApJS..237...11K|2018MNRAS.480.1187B,Galaxy,275.324567,64.355236,1,0.29826,<a href='http://simbad.u-strasbg.fr/simbad/sim-coo?Coord=275.3245670d64.3552360d&CooFrame=FK5&CooEpoch=2000&CooEqui=2000&CooDefinedFrames=none&Radius=3&Radius.unit=arcsec'>             0.30</a>,-3.017017422564815,0.5077691350152342,-2.995904554248361,0.504215803568569,0,0.075,0.24,-2.423420841640239,1549.5,2011.6538699999999,99.9,99.9
SDSS J182237.74+642057.0,275.657267,64.34919,7,7,25.0,19.0,90,C,O,2015ApJS..219...12A,Galaxy,0.11154,,19.881999969482422,19.35300064086914,2018ApJS..237...11K,Galaxy,275.657267,64.34919,1,0.11154,<a href='http://simbad.u-strasbg.fr/simbad/sim-coo?Coord=275.6572670d64.3491900d&CooFrame=FK5&CooEpoch=2000&CooEqui=2000&CooDefinedFrames=none&Radius=3&Radius.unit=arcsec'>             0.11</a>,3.110866726783199,0.2507370803589295,3.089079416726486,0.24898101460867994,0,0.075,0.24,3.9789977087611685,1908.7,2121.596398,22.2345,99.9
SDSS J182140.01+642442.5,275.416739,64.411807,9,9,,,0,C,O,2020ApJS..249....3A,Galaxy,0.2958,,21.381999969482422,19.697999954223633,2018MNRAS.480.1187B,Galaxy,275.416739,64.411807,1,0.2958,<a href='http://simbad.u-strasbg.fr/simbad/sim-coo?Coord=275.4167390d64.4118070d&CooFrame=FK5&CooEpoch=2000&CooEqui=2000&CooDefinedFrames=none&Radius=3&Radius.unit=arcsec'>             0.30</a>,-1.3168102789627247,2.911901417396388,-1.307578535118934,2.891486989886793,0,0.075,0.24,-0.2669742846172025,1549.5,2007.8421,99.9,99.9
SDSS J182120.04+642256.7,275.33352583,64.38243025,9,9,,,0,C,O,2020ApJS..249....3A,Galaxy,0.29216,,20.18400001525879,18.98900032043457,2018MNRAS.480.1187B|1998ApJ...508..200T,Galaxy,275.33352583,64.38243025,1,0.29216,<a href='http://simbad.u-strasbg.fr/simbad/sim-coo?Coord=275.3335258d64.3824302d&CooFrame=FK5&CooEpoch=2000&CooEqui=2000&CooDefinedFrames=none&Radius=3&Radius.unit=arcsec'>             0.29</a>,-2.8492071085926245,1.6645552223059776,-2.8292034234212307,1.652868729415731,0,0.075,0.24,-1.8471379315250707,1549.5,2002.20192,24.9863,22.6725
SDSS J182240.09+641921.2,275.66708058,64.32257008,9,9,,,0,C,O,2020ApJS..249....3A,Galaxy,0.29343,,21.18000030517578,19.54599952697754,2018MNRAS.480.1187B,Galaxy,275.66708058,64.32257008,1,0.29343,<a href='http://simbad.u-strasbg.fr/simbad/sim-coo?Coord=275.6670806d64.3225701d&CooFrame=FK5&CooEpoch=2000&CooEqui=2000&CooDefinedFrames=none&Radius=3&Radius.unit=arcsec'>             0.29</a>,3.2948234266220644,-0.8815277973535697,3.2716544953536,-0.8753289653363211,0,0.075,0.24,-4.256170065624718,1549.5,2004.169785,99.9,99.9
SDSS J182144.69+642513.2,275.43620171,64.42035014,9,9,,,0,C,O,2020ApJS..249....3A,Galaxy,0.2952,,21.490999221801758,19.882999420166016,2018MNRAS.480.1187B,Galaxy,275.43620171,64.42035014,1,0.2952,<a href='http://simbad.u-strasbg.fr/simbad/sim-coo?Coord=275.4362017d64.4203501d&CooFrame=FK5&CooEpoch=2000&CooEqui=2000&CooDefinedFrames=none&Radius=3&Radius.unit=arcsec'>             0.30</a>,-0.9588119669095381,3.2750911412619814,-0.9520694983856534,3.252060349308072,0,0.075,0.24,0.03730038473206809,1549.5,2006.9124,99.9,99.9
SDSS J182116.58+642234.8,275.3191245,64.37634008,9,9,,,0,C,O,2020ApJS..249....3A,Galaxy,0.2965,,21.385000228881836,20.229999542236328,2018MNRAS.480.1187B,Galaxy,275.3191245,64.37634008,1,0.2965,<a href='http://simbad.u-strasbg.fr/simbad/sim-coo?Coord=275.3191245d64.3763401d&CooFrame=FK5&CooEpoch=2000&CooEqui=2000&CooDefinedFrames=none&Radius=3&Radius.unit=arcsec'>             0.30</a>,-3.1148581737347376,1.4060754358627845,-3.0929525807890736,1.3961870510853884,0,0.075,0.24,-1.6965924183346066,1549.5,2008.92675,24.5023,99.9
SDSS J182107.51+642203.7,275.281315,64.367701,9,9,,,0,C,O,2020ApJS..249....3A,Galaxy,0.29887,,21.042999267578125,19.56800079345703,2018MNRAS.480.1187B,Galaxy,275.281315,64.367701,1,0.29887,<a href='http://simbad.u-strasbg.fr/simbad/sim-coo?Coord=275.2813150d64.3677010d&CooFrame=FK5&CooEpoch=2000&CooEqui=2000&CooDefinedFrames=none&Radius=3&Radius.unit=arcsec'>             0.30</a>,-3.8118425678276013,1.0405167651414517,-3.784811248998278,1.0331380395185243,0,0.075,0.24,-1.8372616041170826,1549.5,2012.5990649999999,99.9,99.9
SDSS J182139.57+641520.2,275.41490475,64.25563817,9,9,,,0,C,O,2020ApJS..249....3A,Galaxy,0.30529,,20.39299964904785,18.788999557495117,2018MNRAS.480.1187B|1998ApJ...508..200T,Galaxy,275.41490475,64.25563817,1,0.30529,<a href='http://simbad.u-strasbg.fr/simbad/sim-coo?Coord=275.4149048d64.2556382d&CooFrame=FK5&CooEpoch=2000&CooEqui=2000&CooDefinedFrames=none&Radius=3&Radius.unit=arcsec'>             0.31</a>,-1.3582040917974854,-3.7335430902686317,-1.3485690415250724,-3.7070574718065705,0,0.075,0.24,-5.975061131671767,1549.5,2022.546855,99.9,99.9
SDSS J182235.69+641640.6,275.64874571,64.27794197,9,9,,,0,C,O,2020ApJS..249....3A,Galaxy,0.3012,,21.00200080871582,19.566999435424805,2018MNRAS.480.1187B,Galaxy,275.64874571,64.27794197,1,0.3012,<a href='http://simbad.u-strasbg.fr/simbad/sim-coo?Coord=275.6487457d64.2779420d&CooFrame=FK5&CooEpoch=2000&CooEqui=2000&CooDefinedFrames=none&Radius=3&Radius.unit=arcsec'>             0.30</a>,2.961548095928335,-2.7814943231256923,2.940506972090068,-2.7617324402817878,0,0.075,0.24,-5.413505504137777,1549.5,2016.2094000000002,99.9,99.9
SDSS J182249.59+641944.4,275.70666,64.329006,9,9,,,0,C,O,2020ApJS..249....3A,Galaxy,0.3014,,21.541000366210938,20.215999603271484,2018MNRAS.480.1187B,Galaxy,275.70666,64.329006,1,0.3014,<a href='http://simbad.u-strasbg.fr/simbad/sim-coo?Coord=275.7066600d64.3290060d&CooFrame=FK5&CooEpoch=2000&CooEqui=2000&CooDefinedFrames=none&Radius=3&Radius.unit=arcsec'>             0.30</a>,4.023665131965558,-0.6053816307596593,3.9950749698213897,-0.6010800901456012,0,0.075,0.24,-3.234086923977592,1549.5,2016.5193000000002,99.9,99.9
SDSS J182226.95+641535.3,275.61233404,64.25984936,9,9,,,0,C,O,2020ApJS..249....3A,Galaxy,0.2995,,20.996999740600586,20.452999114990234,2018MNRAS.480.1187B,Galaxy,275.61233404,64.25984936,1,0.2995,<a href='http://simbad.u-strasbg.fr/simbad/sim-coo?Coord=275.6123340d64.2598494d&CooFrame=FK5&CooEpoch=2000&CooEqui=2000&CooDefinedFrames=none&Radius=3&Radius.unit=arcsec'>             0.30</a>,2.290586813129403,-3.552895883248382,2.274266097222931,-3.527581058233498,0,0.075,0.24,-6.338867077293492,1549.5,2013.57525,21.649,99.9
SDSS J182133.42+642602.9,275.38932638,64.43415525,9,9,,,0,C,O,2020ApJS..249....3A,Galaxy,0.29963,,20.400999069213867,18.979999542236328,2018MNRAS.480.1187B,Galaxy,275.38932638,64.43415525,1,0.29963,<a href='http://simbad.u-strasbg.fr/simbad/sim-coo?Coord=275.3893264d64.4341553d&CooFrame=FK5&CooEpoch=2000&CooEqui=2000&CooDefinedFrames=none&Radius=3&Radius.unit=arcsec'>             0.30</a>,-1.8191371320202023,3.8635686618423044,-1.8061655929979077,3.8360190995909167,0,0.075,0.24,1.0369311300465194,1549.5,2013.776685,99.9,99.9
SDSS J182158.72+642644.1,275.49465925,64.44563231,9,9,,,0,C,O,2020ApJS..249....3A,Galaxy,0.29552,,21.10300064086914,19.722000122070312,2018MNRAS.480.1187B|1998ApJ...508..200T,Galaxy,275.49465925,64.44563231,1,0.29552,<a href='http://simbad.u-strasbg.fr/simbad/sim-coo?Coord=275.4946592d64.4456323d&CooFrame=FK5&CooEpoch=2000&CooEqui=2000&CooDefinedFrames=none&Radius=3&Radius.unit=arcsec'>             0.30</a>,0.11512295398506245,4.350542642201661,0.11430084762323128,4.319474912789194,0,0.075,0.24,1.1347409162515927,1549.5,2007.40824,99.9,99.9
SDSS J182212.61+642631.3,275.55261517,64.44205897,9,9,,,0,C,O,2020ApJS..249....3A,Galaxy,0.29828,,20.312999725341797,18.76099967956543,2018MNRAS.480.1187B|1998ApJ...508..200T,Galaxy,275.55261517,64.44205897,1,0.29828,<a href='http://simbad.u-strasbg.fr/simbad/sim-coo?Coord=275.5526152d64.4420590d&CooFrame=FK5&CooEpoch=2000&CooEqui=2000&CooDefinedFrames=none&Radius=3&Radius.unit=arcsec'>             0.30</a>,1.1791204128803643,4.199075688655573,1.1706987316555513,4.1690844540857865,0,0.075,0.24,1.2433244318793908,1549.5,2011.68486,99.9,99.9
SDSS J182202.68+642713.7,275.51120083,64.45381253,9,9,,,0,C,O,2020ApJS..249....3A,Galaxy,0.2976,,20.558000564575195,19.29400062561035,2018MNRAS.480.1187B,Galaxy,275.51120083,64.45381253,1,0.2976,<a href='http://simbad.u-strasbg.fr/simbad/sim-coo?Coord=275.5112008d64.4538125d&CooFrame=FK5&CooEpoch=2000&CooEqui=2000&CooDefinedFrames=none&Radius=3&Radius.unit=arcsec'>             0.30</a>,0.41863669896822897,4.698707821051008,0.4156264560614778,4.664921361516822,0,0.075,0.24,1.6753561572288245,1549.5,2010.6312,23.2435,99.9
SDSS J182053.43+641936.9,275.222649,64.326929,7,7,16.0,24.0,90,C,O,2015ApJS..219...12A,Galaxy,0.11195,,18.62700080871582,17.913000106811523,2018ApJS..237...11K|2018MNRAS.480.1187B|1998ApJ...508..200T|1998MNRAS.297..239B,Galaxy,275.222649,64.326929,1,0.11195,<a href='http://simbad.u-strasbg.fr/simbad/sim-coo?Coord=275.2226490d64.3269290d&CooFrame=FK5&CooEpoch=2000&CooEqui=2000&CooDefinedFrames=none&Radius=3&Radius.unit=arcsec'>             0.11</a>,-4.899030965493664,-0.690432993245933,-4.86364138928565,-0.6854454495453305,0,0.075,0.24,3.0919601840430624,1908.7,2122.378965,21.8301,21.578
SDSS J182232.36+641438.1,275.634853,64.243942,9,9,,,0,C,O,2020ApJS..249....3A,Galaxy,0.2949,,21.545000076293945,20.097999572753906,2018MNRAS.480.1187B,Galaxy,275.634853,64.243942,1,0.2949,<a href='http://simbad.u-strasbg.fr/simbad/sim-coo?Coord=275.6348530d64.2439420d&CooFrame=FK5&CooEpoch=2000&CooEqui=2000&CooDefinedFrames=none&Radius=3&Radius.unit=arcsec'>             0.29</a>,2.708306894737532,-4.228920563976257,2.6887126724349524,-4.19832491405508,0,0.075,0.24,-7.441234223667088,1549.5,2006.4475499999999,99.9,99.9
SDSS J182236.39+641449.5,275.651642,64.247111,9,9,,,0,C,O,2020ApJS..249....3A,Galaxy,0.2914,,21.538999557495117,20.20800018310547,2018MNRAS.480.1187B,Galaxy,275.651642,64.247111,1,0.2914,<a href='http://simbad.u-strasbg.fr/simbad/sim-coo?Coord=275.6516420d64.2471110d&CooFrame=FK5&CooEpoch=2000&CooEqui=2000&CooDefinedFrames=none&Radius=3&Radius.unit=arcsec'>             0.29</a>,3.0184073347762257,-4.093313726039855,2.9965404128960422,-4.0636596199001245,0,0.075,0.24,-7.634977954932136,1549.5,2001.0242999999998,99.9,99.9
SDSS J182233.21+641432.9,275.638375,64.242487,9,9,,,0,C,O,2020ApJS..249....3A,Galaxy,0.3018,,21.283000946044922,19.80500030517578,2018MNRAS.480.1187B,Galaxy,275.638375,64.242487,1,0.3018,<a href='http://simbad.u-strasbg.fr/simbad/sim-coo?Coord=275.6383750d64.2424870d&CooFrame=FK5&CooEpoch=2000&CooEqui=2000&CooDefinedFrames=none&Radius=3&Radius.unit=arcsec'>             0.30</a>,2.773578597310806,-4.290683769984247,2.753475542829791,-4.259584651440271,0,0.075,0.24,-6.855059025224264,1549.5,2017.1391,99.9,99.9
SDSS J182137.99+642751.8,275.40830825,64.464397,9,9,,,0,C,O,2020ApJS..249....3A,Galaxy,0.2983,,20.075000762939453,18.97599983215332,2018MNRAS.480.1187B,Galaxy,275.40830825,64.464397,1,0.2983,<a href='http://simbad.u-strasbg.fr/simbad/sim-coo?Coord=275.4083083d64.4643970d&CooFrame=FK5&CooEpoch=2000&CooEqui=2000&CooDefinedFrames=none&Radius=3&Radius.unit=arcsec'>             0.30</a>,-1.4689373296714576,5.149963699552484,-1.4582338830070671,5.112438367008831,0,0.075,0.24,2.188554967804834,1549.5,2011.71585,99.9,99.9
SDSS J182049.56+641819.7,275.206536,64.305475,7,7,116.0,112.0,90,C,O,2015ApJS..219...12A,Galaxy,0.29171,,19.12700080871582,17.735000610351562,2018ApJS..237...11K,Galaxy,275.206536,64.305475,1,0.29171,<a href='http://simbad.u-strasbg.fr/simbad/sim-coo?Coord=275.2065360d64.3054750d&CooFrame=FK5&CooEpoch=2000&CooEqui=2000&CooDefinedFrames=none&Radius=3&Radius.unit=arcsec'>             0.29</a>,-5.200129753331398,-1.602083109893698,-5.162166854357729,-1.5903873018786474,0,0.075,0.24,-5.132617980373435,1549.5,2001.5046450000002,99.9,99.9
SDSS J182129.79+642740.9,275.37423887,64.46138503,9,9,,,0,C,O,2020ApJS..249....3A,Galaxy,0.30025,,20.868999481201172,20.11400032043457,2018MNRAS.480.1187B|1998ApJ...508..200T,Galaxy,275.37423887,64.46138503,1,0.30025,<a href='http://simbad.u-strasbg.fr/simbad/sim-coo?Coord=275.3742389d64.4613850d&CooFrame=FK5&CooEpoch=2000&CooEqui=2000&CooDefinedFrames=none&Radius=3&Radius.unit=arcsec'>             0.30</a>,-2.094119618812996,5.0227501648244255,-2.0788315928267798,4.986081803403107,0,0.075,0.24,2.2451691469331165,1549.5,2014.7373750000002,22.6504,23.313
SDSS J182305.78+642318.0,275.77406829883,64.38834839958,14,14,10.764900207519531,8.963000297546387,90,C,O,2020yCat.1350....0G,Galaxy,0.29928,,19.988000869750977,18.347000122070312,2018ApJS..237...11K,Galaxy,275.77406829883,64.38834839958,1,0.29928,<a href='http://simbad.u-strasbg.fr/simbad/sim-coo?Coord=275.7740683d64.3883484d&CooFrame=FK5&CooEpoch=2000&CooEqui=2000&CooDefinedFrames=none&Radius=3&Radius.unit=arcsec'>             0.30</a>,5.254926056343288,1.9247330480032456,5.216428958440599,1.910632633308337,0,0.075,0.24,-0.9212962387780674,1549.5,2013.23436,99.9,99.9
SDSS J182043.06+641945.8,275.17940090221,64.32939055047,14,14,4.939799785614014,6.620500087738037,90,C,O,2020yCat.1350....0G,Galaxy,0.08944,,19.490999221801758,18.441999435424805,2018ApJS..237...11K|2018MNRAS.480.1187B|1998ApJ...508..200T,Galaxy,275.17940090221,64.32939055047,1,0.08944,<a href='http://simbad.u-strasbg.fr/simbad/sim-coo?Coord=275.1794009d64.3293906d&CooFrame=FK5&CooEpoch=2000&CooEqui=2000&CooDefinedFrames=none&Radius=3&Radius.unit=arcsec'>             0.09</a>,-5.695820080947389,-0.5820830553340537,-5.653968743710756,-0.5778060673143649,0,0.075,0.24,0.5978312084629086,1908.7,2079.414128,23.9439,23.3646
SDSS J182222.23+641256.8,275.5925965513,64.21575893572,14,14,0.02160000056028366,0.02239999920129776,90,A,O,2020yCat.1350....0G,Star,-9.8e-05,,15.904999732971191,15.312999725341797,2010ApJ...725L.186D,Star,275.5925965513,64.21575893572,1,-9.8e-05,<a href='http://simbad.u-strasbg.fr/simbad/sim-coo?Coord=275.5925966d64.2157589d&CooFrame=FK5&CooEpoch=2000&CooEqui=2000&CooDefinedFrames=none&Radius=3&Radius.unit=arcsec'>             -0.00</a>,1.928905158450055,-5.429742862040167,1.9147199533261803,-5.389812430038096,0,0.075,0.24,0.0,0.0,0.0,21.7111,99.9
SDSS J182255.74+641401.7,275.73227829,64.23382483,9,9,,,0,C,O,2020ApJS..249....3A,Galaxy,0.2999,,20.524999618530273,19.4060001373291,2018MNRAS.480.1187B,Galaxy,275.73227829,64.23382483,1,0.2999,<a href='http://simbad.u-strasbg.fr/simbad/sim-coo?Coord=275.7322783d64.2338248d&CooFrame=FK5&CooEpoch=2000&CooEqui=2000&CooDefinedFrames=none&Radius=3&Radius.unit=arcsec'>             0.30</a>,4.511456145520446,-4.653910290505715,4.477685894149086,-4.619073706639951,0,0.075,0.24,-7.392827265651949,1549.5,2014.19505,23.4731,99.9
SDSS J182033.25+642212.2,275.13860262,64.37007211,9,9,,,0,C,O,2020ApJS..249....3A,Galaxy,0.33233,,20.45800018310547,19.483999252319336,2018MNRAS.480.1187B|1998ApJ...508..200T,Galaxy,275.13860262,64.37007211,1,0.33233,<a href='http://simbad.u-strasbg.fr/simbad/sim-coo?Coord=275.1386026d64.3700721d&CooFrame=FK5&CooEpoch=2000&CooEqui=2000&CooDefinedFrames=none&Radius=3&Radius.unit=arcsec'>             0.33</a>,-6.438359995785646,1.1529238896345309,-6.390092104718677,1.1442805076630642,0,0.075,0.24,1.4134711470426573,1549.5,2064.445335,23.3256,21.3087
SDSS J182056.87+642755.5,275.236993,64.465422,7,7,42.0,15.0,90,C,O,2015ApJS..219...12A,Galaxy,0.07193,,18.250999450683594,17.82900047302246,2018ApJS..237...11K|2018MNRAS.480.1187B|1998ApJ...508..200T|1998MNRAS.297..239B,Galaxy,275.236993,64.465422,1,0.07193,<a href='http://simbad.u-strasbg.fr/simbad/sim-coo?Coord=275.2369930d64.4654220d&CooFrame=FK5&CooEpoch=2000&CooEqui=2000&CooDefinedFrames=none&Radius=3&Radius.unit=arcsec'>             0.07</a>,-4.611284051357791,5.201782961958375,-4.576332531076177,5.162355717687463,0,0.075,0.24,4.31413853121363,1908.7,2045.9927910000001,99.9,99.9
LEDA 2666756,275.89314304797,64.30977666568,14,14,0.40220001339912415,0.39890000224113464,90,A,O,2020yCat.1350....0G,Galaxy,0.05097,,17.715999603271484,16.871000289916992,2018ApJS..237...11K|2003A&A...412...45P|1998ApJ...508..200T|1998MNRAS.297..239B,Galaxy,275.89314304797,64.30977666568,1,0.05097,<a href='http://simbad.u-strasbg.fr/simbad/sim-coo?Coord=275.8931430d64.3097767d&CooFrame=FK5&CooEpoch=2000&CooEqui=2000&CooDefinedFrames=none&Radius=3&Radius.unit=arcsec'>             0.05</a>,7.466512075794775,-1.406793005374839,7.408871961869374,-1.3959328194840086,0,0.075,0.24,-4.666765056145367,1908.7,2005.986439,99.9,99.9
SDSS J182209.99+640937.1,275.54161006339,64.16031387426,14,14,5.309199810028076,7.015200138092041,90,C,O,2020yCat.1350....0G,Galaxy,0.08376,,18.424999237060547,18.034000396728516,2018ApJS..237...11K|1998ApJ...508..200T|1998MNRAS.297..239B,Galaxy,275.54161006339,64.16031387426,1,0.08376,<a href='http://simbad.u-strasbg.fr/simbad/sim-coo?Coord=275.5416101d64.1603139d&CooFrame=FK5&CooEpoch=2000&CooEqui=2000&CooDefinedFrames=none&Radius=3&Radius.unit=arcsec'>             0.08</a>,0.987122241694548,-7.7902915711602985,0.9794439193689641,-7.729694851557502,0,0.075,0.24,-7.210567761136374,1908.7,2068.572712,19.9451,20.4823
LEDA 2665228,275.672325,64.174395,7,7,14.0,18.0,90,C,O,2015ApJS..219...12A,Galaxy,0.05051,,18.277999877929688,17.695999145507812,2018ApJS..237...11K|2003A&A...412...45P|1998ApJ...508..200T|1998MNRAS.297..239B,Galaxy,275.672325,64.174395,1,0.05051,<a href='http://simbad.u-strasbg.fr/simbad/sim-coo?Coord=275.6723250d64.1743950d&CooFrame=FK5&CooEpoch=2000&CooEqui=2000&CooDefinedFrames=none&Radius=3&Radius.unit=arcsec'>             0.05</a>,3.4097686767554856,-7.186575109980994,3.383163953848903,-7.130501851770904,0,0.075,0.24,-10.45450216682378,1908.7,2005.108437,20.6821,99.9
SDSS J182251.21+640944.2,275.713413,64.162289,7,7,65.0,29.0,90,C,O,2015ApJS..219...12A,Galaxy,0.05051,,19.58099937438965,19.257999420166016,2018ApJS..237...11K,Galaxy,275.713413,64.162289,1,0.05051,<a href='http://simbad.u-strasbg.fr/simbad/sim-coo?Coord=275.7134130d64.1622890d&CooFrame=FK5&CooEpoch=2000&CooEqui=2000&CooDefinedFrames=none&Radius=3&Radius.unit=arcsec'>             0.05</a>,4.173266190420448,-7.699279541452568,4.139869271829418,-7.637665400316372,0,0.075,0.24,-10.961665715369246,1908.7,2005.108437,21.2086,99.9
2MASX J18225110+6409187,275.7126412182,64.15518362605,14,14,2.0388998985290527,1.7279000282287598,90,C,O,2020yCat.1350....0G,Galaxy,0.05042,,16.759000778198242,15.802000045776367,2018ApJS..237...11K|2003A&A...412...45P|1998ApJ...508..200T|1998MNRAS.297..239B,Galaxy,275.7126412182,64.15518362605,1,0.05042,<a href='http://simbad.u-strasbg.fr/simbad/sim-coo?Coord=275.7126412d64.1551836d&CooFrame=FK5&CooEpoch=2000&CooEqui=2000&CooDefinedFrames=none&Radius=3&Radius.unit=arcsec'>             0.05</a>,4.160019690165857,-8.001688087347414,4.126441201652304,-7.937100750858315,0,0.075,0.24,-11.271503516031284,1908.7,2004.9366539999999,99.9,99.9
SDSS J182039.94+641052.4,275.166449,64.181236,7,7,21.0,18.0,90,C,O,2015ApJS..219...12A,Galaxy,0.29362,,19.851999282836914,18.55900001525879,2018ApJS..237...11K,Galaxy,275.166449,64.181236,1,0.29362,<a href='http://simbad.u-strasbg.fr/simbad/sim-coo?Coord=275.1664490d64.1812360d&CooFrame=FK5&CooEpoch=2000&CooEqui=2000&CooDefinedFrames=none&Radius=3&Radius.unit=arcsec'>             0.29</a>,-5.966504152725844,-6.885303533926489,-5.918195384683762,-6.829555557757258,0,0.075,0.24,-10.192568739522864,1549.5,2004.46419,23.279,99.9
SDSS J182102.08+640904.6,275.25865592576,64.151307126,14,14,2.5687999725341797,3.019700050354004,90,C,O,2020yCat.1350....0G,Galaxy,0.29724,,19.450000762939453,18.302000045776367,2018ApJS..237...11K,Galaxy,275.25865592576,64.151307126,1,0.29724,<a href='http://simbad.u-strasbg.fr/simbad/sim-coo?Coord=275.2586559d64.1513071d&CooFrame=FK5&CooEpoch=2000&CooEqui=2000&CooDefinedFrames=none&Radius=3&Radius.unit=arcsec'>             0.30</a>,-4.262236411702516,-8.166284196001042,-4.2276091060947305,-8.09993958457626,0,0.075,0.24,-11.123284002907472,1549.5,2010.0733799999998,22.3739,99.9
SDSS J182116.31+643305.1,275.317986,64.551424,7,7,31.0,16.0,90,C,O,2015ApJS..219...12A,Galaxy,0.11413,,19.69300079345703,18.93400001525879,2018ApJS..237...11K,Galaxy,275.317986,64.551424,1,0.11413,<a href='http://simbad.u-strasbg.fr/simbad/sim-coo?Coord=275.3179860d64.5514240d&CooFrame=FK5&CooEpoch=2000&CooEqui=2000&CooDefinedFrames=none&Radius=3&Radius.unit=arcsec'>             0.11</a>,-3.1158359601147003,8.856529099969174,-3.090369387924287,8.78414228610348,0,0.075,0.24,12.813518378156054,1908.7,2126.5399310000003,23.0885,22.8433
SDSS J181944.71+642307.7,274.936298,64.385498,7,7,17.0,19.0,90,C,O,2015ApJS..219...12A,Galaxy,0.0891,,17.809999465942383,17.22800064086914,2018ApJS..237...11K|1998ApJ...508..200T|1998MNRAS.297..239B,Galaxy,274.936298,64.385498,1,0.0891,<a href='http://simbad.u-strasbg.fr/simbad/sim-coo?Coord=274.9362980d64.3854980d&CooFrame=FK5&CooEpoch=2000&CooEqui=2000&CooDefinedFrames=none&Radius=3&Radius.unit=arcsec'>             0.09</a>,-10.156361955925851,1.8357495416012615,-10.070570014839413,1.8202427570650312,0,0.075,0.24,2.956581887944239,1908.7,2078.76517,20.6986,20.2906
SDSS J182223.83+640607.2,275.59932337394,64.10203083515,14,14,0.016499999910593033,0.016699999570846558,90,A,O,2020yCat.1350....0G,Star,-0.000649,,15.659000396728516,14.663999557495117,2014ApJ...784..170X|2014ApJ...794...60T,Star,275.59932337394,64.10203083515,1,-0.000649,<a href='http://simbad.u-strasbg.fr/simbad/sim-coo?Coord=275.5993234d64.1020308d&CooFrame=FK5&CooEpoch=2000&CooEqui=2000&CooDefinedFrames=none&Radius=3&Radius.unit=arcsec'>             -0.00</a>,2.06186485563902,-10.269072128624291,2.04435023774617,-10.18184096313104,0,0.075,0.24,0.0,0.0,0.0,99.9,99.9
2MASX J18223169+6435287,275.63221617924,64.59134439186,14,14,5.545300006866455,4.515900135040283,90,C,O,2020yCat.1350....0G,Galaxy,0.05053,,16.61400032043457,15.666999816894531,2018ApJS..237...11K|2003A&A...412...45P|1998ApJ...508..200T|1998MNRAS.297..239B,Galaxy,275.63221617924,64.59134439186,1,0.05053,<a href='http://simbad.u-strasbg.fr/simbad/sim-coo?Coord=275.6322162d64.5913444d&CooFrame=FK5&CooEpoch=2000&CooEqui=2000&CooDefinedFrames=none&Radius=3&Radius.unit=arcsec'>             0.05</a>,2.626098169580134,10.554089648601964,2.603454894515711,10.463088041070254,0,0.075,0.24,7.141399381599607,1908.7,2005.146611,21.0382,21.8164
2MASX J18232537+6408337,275.85579815698,64.14283773922,14,14,0.9240000247955322,1.0865999460220337,90,C,O,2020yCat.1350....0G,Galaxy,0.05016,,15.51200008392334,14.550000190734863,2018A&A...618A..81T|2018ApJS..237...11K|2016A&A...588A..14T|2015AJ....149..171T|2012ApJS..199...26H|2010Ap.....53...57K|2005Ap.....48..344K|1998ApJ...508..200T|1998MNRAS.297..239B,Galaxy,275.85579815698,64.14283773922,1,0.05016,<a href='http://simbad.u-strasbg.fr/simbad/sim-coo?Coord=275.8557982d64.1428377d&CooFrame=FK5&CooEpoch=2000&CooEqui=2000&CooDefinedFrames=none&Radius=3&Radius.unit=arcsec'>             0.05</a>,6.818678399681375,-8.514703991742428,6.75981293934299,-8.441196789798072,0,0.075,0.24,-11.805651077540153,1908.7,2004.440392,20.0639,99.9
SDSS J181956.39+642907.4,274.984975,64.485412,7,7,1.0,1.0,90,C,O,2015ApJS..219...12A,Star,,,15.576000213623047,14.34000015258789,2018ApJS..237...11K,Star,274.984975,64.485412,1,,<a href='http://simbad.u-strasbg.fr/simbad/sim-coo?Coord=274.9849750d64.4854120d&CooFrame=FK5&CooEpoch=2000&CooEqui=2000&CooDefinedFrames=none&Radius=3&Radius.unit=arcsec'>             nan</a>,-9.22722672071424,6.0798807307717935,-9.14714045447155,6.027111360118387,0,0.075,0.24,0.0,0.0,0.0,99.9,99.9
2MASX J18234242+6432537,275.92672235254,64.54818443377,14,14,1.2482999563217163,1.2345000505447388,90,C,O,2020yCat.1350....0G,Galaxy,0.05249,,17.738000869750977,16.858999252319336,2018ApJS..237...11K|1998ApJ...508..200T|1998MNRAS.297..239B,Galaxy,275.92672235254,64.54818443377,1,0.05249,<a href='http://simbad.u-strasbg.fr/simbad/sim-coo?Coord=275.9267224d64.5481844d&CooFrame=FK5&CooEpoch=2000&CooEqui=2000&CooDefinedFrames=none&Radius=3&Radius.unit=arcsec'>             0.05</a>,8.015982142714064,8.742176692234365,7.944190240171516,8.663880921869023,0,0.075,0.24,5.568734509457901,1908.7,2008.887663,99.9,99.9
SDSS J182206.23+643720.0,275.52594997578,64.62223204614,14,14,7.8856000900268555,8.475199699401855,90,C,O,2020yCat.1350....0G,Galaxy,0.29828,,19.57200050354004,17.909000396728516,2018ApJS..237...11K,Galaxy,275.52594997578,64.62223204614,1,0.29828,<a href='http://simbad.u-strasbg.fr/simbad/sim-coo?Coord=275.5259500d64.6222320d&CooFrame=FK5&CooEpoch=2000&CooEqui=2000&CooDefinedFrames=none&Radius=3&Radius.unit=arcsec'>             0.30</a>,0.6850572525099099,11.86571129437033,0.6789158661853284,11.759337824404586,0,0.075,0.24,8.83357780219819,1549.5,2011.68486,99.9,99.9
2MASX J18223094+6404137,275.62841193592,64.07040303589,14,14,7.7758002281188965,10.660300254821777,90,C,O,2020yCat.1350....0G,Galaxy,0.07161,,17.551000595092773,16.851999282836914,2018ApJS..237...11K|2003A&A...412...45P|1998ApJ...508..200T|1998MNRAS.297..239B,Galaxy,275.62841193592,64.07040303589,1,0.07161,<a href='http://simbad.u-strasbg.fr/simbad/sim-coo?Coord=275.6284119d64.0704030d&CooFrame=FK5&CooEpoch=2000&CooEqui=2000&CooDefinedFrames=none&Radius=3&Radius.unit=arcsec'>             0.07</a>,2.605472650645271,-11.613895447064477,2.5820993812445012,-11.509709088781506,0,0.075,0.24,-12.39491276457119,1908.7,2045.382007,20.6413,21.1442
SDSS J182428.13+641641.6,276.117216,64.278232,7,7,86.0,156.0,90,C,O,2015ApJS..219...12A,Galaxy,0.09742,,18.354999542236328,17.792999267578125,2018ApJS..237...11K|1998ApJ...508..200T|1998MNRAS.297..239B,Galaxy,276.117216,64.278232,1,0.09742,<a href='http://simbad.u-strasbg.fr/simbad/sim-coo?Coord=276.1172160d64.2782320d&CooFrame=FK5&CooEpoch=2000&CooEqui=2000&CooDefinedFrames=none&Radius=3&Radius.unit=arcsec'>             0.10</a>,11.613199492171402,-2.7154722081954668,11.508920906519597,-2.691089125700562,0,0.075,0.24,-0.5931012726095113,1908.7,2094.645554,20.1798,20.3793
SDSS J182255.70+640452.8,275.732122,64.081337,7,7,21.0,15.0,90,C,O,2015ApJS..219...12A,Galaxy,0.05048,,19.000999450683594,18.711999893188477,2018ApJS..237...11K,Galaxy,275.732122,64.081337,1,0.05048,<a href='http://simbad.u-strasbg.fr/simbad/sim-coo?Coord=275.7321220d64.0813370d&CooFrame=FK5&CooEpoch=2000&CooEqui=2000&CooDefinedFrames=none&Radius=3&Radius.unit=arcsec'>             0.05</a>,4.533447196460489,-11.14280072596378,4.492572850170825,-11.042335301801486,0,0.075,0.24,-14.369803100227717,1908.7,2005.0511760000002,99.9,99.9
LEDA 2666855,276.14255944781,64.31784542651,14,14,7.473100185394287,9.446900367736816,90,C,O,2020yCat.1350....0G,Galaxy,0.05091,,17.197999954223633,16.65999984741211,2018ApJS..237...11K|2003A&A...412...45P|1998ApJ...508..200T|1998MNRAS.297..239B,Galaxy,276.14255944781,64.31784542651,1,0.05091,<a href='http://simbad.u-strasbg.fr/simbad/sim-coo?Coord=276.1425594d64.3178454d&CooFrame=FK5&CooEpoch=2000&CooEqui=2000&CooDefinedFrames=none&Radius=3&Radius.unit=arcsec'>             0.05</a>,12.063884813212438,-1.0251408263608663,11.954777909207628,-1.0158693567252588,0,0.075,0.24,-4.293636560133328,1908.7,2005.8719170000002,19.436,20.1104
2MASX J18214918+6437489,275.45500647892,64.63028901742,14,14,1.6367000341415405,1.5097999572753906,90,C,O,2020yCat.1350....0G,Galaxy,0.05003,,15.798999786376953,15.019000053405762,2019ApJ...872..148C|2018ApJS..237...11K|2009MNRAS.398..109W|2003A&A...412...45P|1998ApJ...508..200T|1998MNRAS.297..239B,Galaxy,275.45500647892,64.63028901742,1,0.05003,<a href='http://simbad.u-strasbg.fr/simbad/sim-coo?Coord=275.4550065d64.6302890d&CooFrame=FK5&CooEpoch=2000&CooEqui=2000&CooDefinedFrames=none&Radius=3&Radius.unit=arcsec'>             0.05</a>,-0.6086200714721957,12.208526801131239,-0.603089991606238,12.097596959312796,0,0.075,0.24,8.718116910286165,1908.7,2004.1922610000001,18.8365,19.4755
SDSS J182144.61+643752.7,275.435916,64.631319,7,7,32.0,33.0,90,C,O,2015ApJS..219...12A,Galaxy,0.05113,,19.868999481201172,19.125,2018ApJS..237...11K,Galaxy,275.435916,64.631319,1,0.05113,<a href='http://simbad.u-strasbg.fr/simbad/sim-coo?Coord=275.4359160d64.6313190d&CooFrame=FK5&CooEpoch=2000&CooEqui=2000&CooDefinedFrames=none&Radius=3&Radius.unit=arcsec'>             0.05</a>,-0.9566503139803713,12.25259256645448,-0.9479348149888591,12.140966137658332,0,0.075,0.24,8.888627145654878,1908.7,2006.2918309999998,99.9,99.9
SDSS J182433.26+641614.2,276.138606,64.27062,7,7,23.0,23.0,90,C,O,2015ApJS..219...12A,Galaxy,0.05254,,18.086000442504883,17.71299934387207,2018ApJS..237...11K|1998ApJ...508..200T|1998MNRAS.297..239B,Galaxy,276.138606,64.27062,1,0.05254,<a href='http://simbad.u-strasbg.fr/simbad/sim-coo?Coord=276.1386060d64.2706200d&CooFrame=FK5&CooEpoch=2000&CooEqui=2000&CooDefinedFrames=none&Radius=3&Radius.unit=arcsec'>             0.05</a>,12.011536138423407,-3.0354021619891807,11.901667523397622,-3.007637567374408,0,0.075,0.24,-6.097004840829918,1908.7,2008.9830980000002,19.4467,19.6401
SDSS J182219.63+643818.5,275.581805,64.638492,7,7,62.0,59.0,90,C,O,2015ApJS..219...12A,Galaxy,0.11452,,19.815000534057617,19.26300048828125,2018ApJS..237...11K,Galaxy,275.581805,64.638492,1,0.11452,<a href='http://simbad.u-strasbg.fr/simbad/sim-coo?Coord=275.5818050d64.6384920d&CooFrame=FK5&CooEpoch=2000&CooEqui=2000&CooDefinedFrames=none&Radius=3&Radius.unit=arcsec'>             0.11</a>,1.7027160161049333,12.558693022579273,1.6869605591132295,12.44248577138897,0,0.075,0.24,16.516939147295194,1908.7,2127.2843239999997,22.2928,22.0649
SDSS J182334.86+640538.8,275.895253,64.094121,7,7,43.0,67.0,90,C,O,2015ApJS..219...12A,Galaxy,0.05175,,18.976999282836914,18.440000534057617,2018ApJS..237...11K,Galaxy,275.895253,64.094121,1,0.05175,<a href='http://simbad.u-strasbg.fr/simbad/sim-coo?Coord=275.8952530d64.0941210d&CooFrame=FK5&CooEpoch=2000&CooEqui=2000&CooDefinedFrames=none&Radius=3&Radius.unit=arcsec'>             0.05</a>,7.564175488373727,-10.583303997793003,7.493213759528953,-10.484018946867424,0,0.075,0.24,-13.66469661582143,1908.7,2007.475225,99.9,99.9
SDSS J182152.84+643859.5,275.470206,64.649877,7,7,14.0,17.0,90,C,O,2015ApJS..219...12A,Galaxy,0.05083,,17.464000701904297,17.038999557495117,2018ApJS..237...11K|1998ApJ...508..200T|1998MNRAS.297..239B,Galaxy,275.470206,64.649877,1,0.05083,<a href='http://simbad.u-strasbg.fr/simbad/sim-coo?Coord=275.4702060d64.6498770d&CooFrame=FK5&CooEpoch=2000&CooEqui=2000&CooDefinedFrames=none&Radius=3&Radius.unit=arcsec'>             0.05</a>,-0.3312569329388997,13.041967633333506,-0.328144481575613,12.91942683220921,0,0.075,0.24,9.63241300647216,1908.7,2005.7192209999998,20.0613,19.883
SDSS J182207.63+643932.5,275.531802,64.659049,7,7,15.0,16.0,90,C,O,2015ApJS..219...12A,Galaxy,0.05046,,18.042999267578125,17.458999633789062,2018ApJS..237...11K|1998ApJ...508..200T|1998MNRAS.297..239B,Galaxy,275.531802,64.659049,1,0.05046,<a href='http://simbad.u-strasbg.fr/simbad/sim-coo?Coord=275.5318020d64.6590490d&CooFrame=FK5&CooEpoch=2000&CooEqui=2000&CooDefinedFrames=none&Radius=3&Radius.unit=arcsec'>             0.05</a>,0.7907155307274593,13.43250026319577,0.7831582072082586,13.304118125478904,0,0.075,0.24,9.97433867147042,1908.7,2005.013002,21.4524,21.853
SDSS J181856.98+641939.1,274.73739190351,64.32753609198,14,14,8.760899543762207,15.632699966430664,90,C,O,2020yCat.1350....0G,Galaxy,0.29398,,19.958999633789062,18.36400032043457,2018ApJS..237...11K,Galaxy,274.73739190351,64.32753609198,1,0.29398,<a href='http://simbad.u-strasbg.fr/simbad/sim-coo?Coord=274.7373919d64.3275361d&CooFrame=FK5&CooEpoch=2000&CooEqui=2000&CooDefinedFrames=none&Radius=3&Radius.unit=arcsec'>             0.29</a>,-13.844544090122458,-0.5930614978053202,-13.709962407941457,-0.5872963954305611,0,0.075,0.24,-3.9165303631529667,1549.5,2005.02201,99.9,99.9
SDSS J182223.51+644005.6,275.597998,64.668238,7,7,132.0,45.0,90,C,O,2015ApJS..219...12A,Galaxy,0.09368,,18.878000259399414,18.344999313354492,2018ApJS..237...11K,Galaxy,275.597998,64.668238,1,0.09368,<a href='http://simbad.u-strasbg.fr/simbad/sim-coo?Coord=275.5979980d64.6682380d&CooFrame=FK5&CooEpoch=2000&CooEqui=2000&CooDefinedFrames=none&Radius=3&Radius.unit=arcsec'>             0.09</a>,1.9956823268660098,13.824988414611994,1.9761906101201694,13.68996053238621,0,0.075,0.24,15.355668791598372,1908.7,2087.507016,21.427,21.0159
SDSS J181921.85+640955.8,274.84105379168,64.16552838246,14,14,8.05720043182373,11.930800437927246,90,C,O,2020yCat.1350....0G,Galaxy,0.30704,,19.893999099731445,18.332000732421875,2018ApJS..237...11K,Galaxy,274.84105379168,64.16552838246,1,0.30704,<a href='http://simbad.u-strasbg.fr/simbad/sim-coo?Coord=274.8410538d64.1655284d&CooFrame=FK5&CooEpoch=2000&CooEqui=2000&CooDefinedFrames=none&Radius=3&Radius.unit=arcsec'>             0.31</a>,-12.003793645709882,-7.507774185286781,-11.88559765577255,-7.433848489107134,0,0.075,0.24,-9.537647636262335,1549.5,2025.25848,23.6885,99.9
GSC 04222-02265,275.81131719005,64.6541745668,14,14,0.9905999898910522,1.030900001525879,90,C,O,2020yCat.1350....0G,Star,,13.239999771118164,13.470000267028809,13.0600004196167,1998PASP..110.1012S,Star,275.81131719005,64.6541745668,1,,<a href='http://simbad.u-strasbg.fr/simbad/sim-coo?Coord=275.8113172d64.6541746d&CooFrame=FK5&CooEpoch=2000&CooEqui=2000&CooDefinedFrames=none&Radius=3&Radius.unit=arcsec'>             nan</a>,5.882624303578002,13.239782893323104,5.82387365214759,13.107555195336875,0,0.075,0.24,0.0,0.0,0.0,18.2065,99.9
SDSS J182514.58+641749.2,276.3108079494,64.29695468407,14,14,0.01940000057220459,0.022199999541044235,90,A,O,2020yCat.1350....0G,Star,2.6e-05,,15.75,15.206000328063965,2010ApJ...725L.186D,Star,276.3108079494,64.29695468407,1,2.6e-05,<a href='http://simbad.u-strasbg.fr/simbad/sim-coo?Coord=276.3108079d64.2969547d&CooFrame=FK5&CooEpoch=2000&CooEqui=2000&CooDefinedFrames=none&Radius=3&Radius.unit=arcsec'>             0.00</a>,15.178051589115595,-1.8780198507129306,15.021039912069986,-1.8585923870128573,0,0.075,0.24,0.0,0.0,0.0,99.9,99.9
SDSS J182520.64+641635.9,276.336002,64.276656,7,7,26.0,53.0,90,C,O,2015ApJS..219...12A,Galaxy,0.0972,,18.770999908447266,18.14699935913086,2018ApJS..237...11K|1998ApJ...508..200T|1998MNRAS.297..239B,Galaxy,276.336002,64.276656,1,0.0972,<a href='http://simbad.u-strasbg.fr/simbad/sim-coo?Coord=276.3360020d64.2766560d&CooFrame=FK5&CooEpoch=2000&CooEqui=2000&CooDefinedFrames=none&Radius=3&Radius.unit=arcsec'>             0.10</a>,15.654520463648213,-2.7356295440455183,15.488232281629854,-2.7065706620049355,0,0.075,0.24,-0.6340110203185287,1908.7,2094.22564,99.9,99.9
SDSS J182429.12+640105.5,276.121344,64.018197,7,7,57.0,29.0,90,C,O,2015ApJS..219...12A,Galaxy,0.08425,,18.839000701904297,18.375999450683594,2018ApJS..237...11K|1998ApJ...508..200T|1998MNRAS.297..239B,Galaxy,276.121344,64.018197,1,0.08425,<a href='http://simbad.u-strasbg.fr/simbad/sim-coo?Coord=276.1213440d64.0181970d&CooFrame=FK5&CooEpoch=2000&CooEqui=2000&CooDefinedFrames=none&Radius=3&Radius.unit=arcsec'>             0.08</a>,11.799624011525852,-13.779762221800343,11.66083003849151,-13.617676722773929,0,0.075,0.24,-13.04191407058793,1908.7,2069.507975,20.5382,21.6166
